article_id,title,dataset,dataset_domain,dataset_features,task_model,order,timing,prediction_horizon,batch_size,missing_rate_raw,missing_rate,missing_rate_band,missing_rate_unknown_reason,metric,metric_kind,winner_algorithm,config_key
2,GinAR: An End-To-End Multivariate Time Series Forecasting Model Suitable for Variable Missing,METR-LA,Traffic,,STID,,,,,25,25.0,20-30%,,MAE,rekonstrukcja,IA,2|METR-LA|Traffic||STID|||||25
2,GinAR: An End-To-End Multivariate Time Series Forecasting Model Suitable for Variable Missing,METR-LA,Traffic,,STID,,,,,50,50.0,50-60%,,MAE,rekonstrukcja,IA,2|METR-LA|Traffic||STID|||||50
2,GinAR: An End-To-End Multivariate Time Series Forecasting Model Suitable for Variable Missing,METR-LA,Traffic,,STID,,,,,75,75.0,70-80%,,MAE,rekonstrukcja,IA,2|METR-LA|Traffic||STID|||||75
2,GinAR: An End-To-End Multivariate Time Series Forecasting Model Suitable for Variable Missing,METR-LA,Traffic,,STID,,,,,90,90.0,90-100%,,MAE,rekonstrukcja,IA,2|METR-LA|Traffic||STID|||||90
2,GinAR: An End-To-End Multivariate Time Series Forecasting Model Suitable for Variable Missing,PEMS08,Traffic,,STID,,,,,25,25.0,20-30%,,MAE,rekonstrukcja,IA,2|PEMS08|Traffic||STID|||||25
2,GinAR: An End-To-End Multivariate Time Series Forecasting Model Suitable for Variable Missing,PEMS08,Traffic,,STID,,,,,50,50.0,50-60%,,MAE,rekonstrukcja,IA,2|PEMS08|Traffic||STID|||||50
2,GinAR: An End-To-End Multivariate Time Series Forecasting Model Suitable for Variable Missing,PEMS08,Traffic,,STID,,,,,75,75.0,70-80%,,MAE,rekonstrukcja,IA,2|PEMS08|Traffic||STID|||||75
2,GinAR: An End-To-End Multivariate Time Series Forecasting Model Suitable for Variable Missing,PEMS08,Traffic,,STID,,,,,90,90.0,90-100%,,MAE,rekonstrukcja,IA,2|PEMS08|Traffic||STID|||||90
2,GinAR: An End-To-End Multivariate Time Series Forecasting Model Suitable for Variable Missing,China AQI,Climate,,STID,,,,,25,25.0,20-30%,,MAE,rekonstrukcja,IA,2|China AQI|Climate||STID|||||25
2,GinAR: An End-To-End Multivariate Time Series Forecasting Model Suitable for Variable Missing,China AQI,Climate,,STID,,,,,50,50.0,50-60%,,MAE,rekonstrukcja,IA,2|China AQI|Climate||STID|||||50
2,GinAR: An End-To-End Multivariate Time Series Forecasting Model Suitable for Variable Missing,China AQI,Climate,,STID,,,,,75,75.0,70-80%,,MAE,rekonstrukcja,IA,2|China AQI|Climate||STID|||||75
2,GinAR: An End-To-End Multivariate Time Series Forecasting Model Suitable for Variable Missing,China AQI,Climate,,STID,,,,,90,90.0,90-100%,,MAE,rekonstrukcja,IA,2|China AQI|Climate||STID|||||90
7,Time series forecasting with missing values,Sine,Not specified,,LSSVM,,,,,5,5.0,0-10%,,NRMSE,rekonstrukcja,LTI,7|Sine|Not specified||LSSVM|||||5
7,Time series forecasting with missing values,Sine,Not specified,,LSSVM,,,,,10,10.0,10-20%,,NRMSE,rekonstrukcja,LTI,7|Sine|Not specified||LSSVM|||||10
7,Time series forecasting with missing values,Sine,Not specified,,LSSVM,,,,,15,15.0,10-20%,,NRMSE,rekonstrukcja,LTI,7|Sine|Not specified||LSSVM|||||15
7,Time series forecasting with missing values,Sine,Not specified,,LSSVM,,,,,20,20.0,20-30%,,NRMSE,rekonstrukcja,LTI,7|Sine|Not specified||LSSVM|||||20
7,Time series forecasting with missing values,Sine,Not specified,,LSSVM,,,,,25,25.0,20-30%,,NRMSE,rekonstrukcja,LTI,7|Sine|Not specified||LSSVM|||||25
7,Time series forecasting with missing values,Sine,Not specified,,LSSVM,,,,,50,50.0,50-60%,,NRMSE,rekonstrukcja,LTI,7|Sine|Not specified||LSSVM|||||50
7,Time series forecasting with missing values,Sinc,Not specified,,LSSVM,,,,,5,5.0,0-10%,,NRMSE,rekonstrukcja,LTI,7|Sinc|Not specified||LSSVM|||||5
7,Time series forecasting with missing values,Sinc,Not specified,,LSSVM,,,,,10,10.0,10-20%,,NRMSE,rekonstrukcja,LTI,7|Sinc|Not specified||LSSVM|||||10
7,Time series forecasting with missing values,Sinc,Not specified,,LSSVM,,,,,15,15.0,10-20%,,NRMSE,rekonstrukcja,LTI,7|Sinc|Not specified||LSSVM|||||15
7,Time series forecasting with missing values,Sinc,Not specified,,LSSVM,,,,,20,20.0,20-30%,,NRMSE,rekonstrukcja,LTI,7|Sinc|Not specified||LSSVM|||||20
7,Time series forecasting with missing values,Sinc,Not specified,,LSSVM,,,,,25,25.0,20-30%,,NRMSE,rekonstrukcja,LTI,7|Sinc|Not specified||LSSVM|||||25
7,Time series forecasting with missing values,Sinc,Not specified,,LSSVM,,,,,50,50.0,50-60%,,NRMSE,rekonstrukcja,LTI,7|Sinc|Not specified||LSSVM|||||50
7,Time series forecasting with missing values,Mackey-Glass,Medicine,,LSSVM,,,,,5,5.0,0-10%,,NRMSE,rekonstrukcja,LTI,7|Mackey-Glass|Medicine||LSSVM|||||5
7,Time series forecasting with missing values,Mackey-Glass,Medicine,,LSSVM,,,,,10,10.0,10-20%,,NRMSE,rekonstrukcja,LTI,7|Mackey-Glass|Medicine||LSSVM|||||10
7,Time series forecasting with missing values,Mackey-Glass,Medicine,,LSSVM,,,,,15,15.0,10-20%,,NRMSE,rekonstrukcja,Hot-Deck,7|Mackey-Glass|Medicine||LSSVM|||||15
7,Time series forecasting with missing values,Mackey-Glass,Medicine,,LSSVM,,,,,20,20.0,20-30%,,NRMSE,rekonstrukcja,LTI,7|Mackey-Glass|Medicine||LSSVM|||||20
7,Time series forecasting with missing values,Mackey-Glass,Medicine,,LSSVM,,,,,25,25.0,20-30%,,NRMSE,rekonstrukcja,Hot-Deck,7|Mackey-Glass|Medicine||LSSVM|||||25
7,Time series forecasting with missing values,Mackey-Glass,Medicine,,LSSVM,,,,,50,50.0,50-60%,,NRMSE,rekonstrukcja,LTI,7|Mackey-Glass|Medicine||LSSVM|||||50
7,Time series forecasting with missing values,Poland's electricity load,Electricity,,LSSVM,,,,,5,5.0,0-10%,,NRMSE,rekonstrukcja,AR,7|Poland's electricity load|Electricity||LSSVM|||||5
7,Time series forecasting with missing values,Poland's electricity load,Electricity,,LSSVM,,,,,10,10.0,10-20%,,NRMSE,rekonstrukcja,Hot-Deck,7|Poland's electricity load|Electricity||LSSVM|||||10
7,Time series forecasting with missing values,Poland's electricity load,Electricity,,LSSVM,,,,,15,15.0,10-20%,,NRMSE,rekonstrukcja,Hot-Deck,7|Poland's electricity load|Electricity||LSSVM|||||15
7,Time series forecasting with missing values,Poland's electricity load,Electricity,,LSSVM,,,,,20,20.0,20-30%,,NRMSE,rekonstrukcja,Hot-Deck,7|Poland's electricity load|Electricity||LSSVM|||||20
7,Time series forecasting with missing values,Poland's electricity load,Electricity,,LSSVM,,,,,25,25.0,20-30%,,NRMSE,rekonstrukcja,Hot-Deck,7|Poland's electricity load|Electricity||LSSVM|||||25
7,Time series forecasting with missing values,Poland's electricity load,Electricity,,LSSVM,,,,,50,50.0,50-60%,,NRMSE,rekonstrukcja,Hot-Deck,7|Poland's electricity load|Electricity||LSSVM|||||50
7,Time series forecasting with missing values,Sunspot,Climate,,LSSVM,,,,,5,5.0,0-10%,,NRMSE,rekonstrukcja,LTI,7|Sunspot|Climate||LSSVM|||||5
7,Time series forecasting with missing values,Sunspot,Climate,,LSSVM,,,,,10,10.0,10-20%,,NRMSE,rekonstrukcja,LTI,7|Sunspot|Climate||LSSVM|||||10
7,Time series forecasting with missing values,Sunspot,Climate,,LSSVM,,,,,15,15.0,10-20%,,NRMSE,rekonstrukcja,Hot-Deck,7|Sunspot|Climate||LSSVM|||||15
7,Time series forecasting with missing values,Sunspot,Climate,,LSSVM,,,,,20,20.0,20-30%,,NRMSE,rekonstrukcja,LTI,7|Sunspot|Climate||LSSVM|||||20
7,Time series forecasting with missing values,Sunspot,Climate,,LSSVM,,,,,25,25.0,20-30%,,NRMSE,rekonstrukcja,LTI,7|Sunspot|Climate||LSSVM|||||25
7,Time series forecasting with missing values,Sunspot,Climate,,LSSVM,,,,,50,50.0,50-60%,,NRMSE,rekonstrukcja,Hot-Deck,7|Sunspot|Climate||LSSVM|||||50
7,Time series forecasting with missing values,Jenkins-Box Gas Furnace,Chemical,,LSSVM,,,,,5,5.0,0-10%,,NRMSE,rekonstrukcja,LTI,7|Jenkins-Box Gas Furnace|Chemical||LSSVM|||||5
7,Time series forecasting with missing values,Jenkins-Box Gas Furnace,Chemical,,LSSVM,,,,,10,10.0,10-20%,,NRMSE,rekonstrukcja,LTI,7|Jenkins-Box Gas Furnace|Chemical||LSSVM|||||10
7,Time series forecasting with missing values,Jenkins-Box Gas Furnace,Chemical,,LSSVM,,,,,15,15.0,10-20%,,NRMSE,rekonstrukcja,LTI,7|Jenkins-Box Gas Furnace|Chemical||LSSVM|||||15
7,Time series forecasting with missing values,Jenkins-Box Gas Furnace,Chemical,,LSSVM,,,,,20,20.0,20-30%,,NRMSE,rekonstrukcja,LTI,7|Jenkins-Box Gas Furnace|Chemical||LSSVM|||||20
7,Time series forecasting with missing values,Jenkins-Box Gas Furnace,Chemical,,LSSVM,,,,,25,25.0,20-30%,,NRMSE,rekonstrukcja,LTI,7|Jenkins-Box Gas Furnace|Chemical||LSSVM|||||25
7,Time series forecasting with missing values,Jenkins-Box Gas Furnace,Chemical,,LSSVM,,,,,50,50.0,50-60%,,NRMSE,rekonstrukcja,Hot-Deck,7|Jenkins-Box Gas Furnace|Chemical||LSSVM|||||50
16,Imputation for the analysis of missing values and prediction of time series data,Not specified,Not specified,,AR,3,,,,10,10.0,10-20%,,NRMSE,rekonstrukcja,ARL Simpute,16|Not specified|Not specified||AR|3||||10
16,Imputation for the analysis of missing values and prediction of time series data,Not specified,Not specified,,AR,3,,,,15,15.0,10-20%,,NRMSE,rekonstrukcja,ARL Simpute,16|Not specified|Not specified||AR|3||||15
16,Imputation for the analysis of missing values and prediction of time series data,Not specified,Not specified,,AR,3,,,,20,20.0,20-30%,,NRMSE,rekonstrukcja,ARL Simpute,16|Not specified|Not specified||AR|3||||20
16,Imputation for the analysis of missing values and prediction of time series data,Not specified,Not specified,,AR,4,,,,10,10.0,10-20%,,NRMSE,rekonstrukcja,ARL Simpute,16|Not specified|Not specified||AR|4||||10
16,Imputation for the analysis of missing values and prediction of time series data,Not specified,Not specified,,AR,4,,,,15,15.0,10-20%,,NRMSE,rekonstrukcja,ARL Simpute,16|Not specified|Not specified||AR|4||||15
16,Imputation for the analysis of missing values and prediction of time series data,Not specified,Not specified,,AR,4,,,,20,20.0,20-30%,,NRMSE,rekonstrukcja,ARL Simpute,16|Not specified|Not specified||AR|4||||20
18,Time-series data prediction based on reconstruction of missing samples and selective ensembling of FIR neural networks,Sunspot,Climate,,FIR,,,,,"2,5",2.5,0-10%,,NRMSE,rekonstrukcja,RMD-FSE,"18|Sunspot|Climate||FIR|||||2,5"
18,Time-series data prediction based on reconstruction of missing samples and selective ensembling of FIR neural networks,Sunspot,Climate,,FIR,,,,,5,5.0,0-10%,,NRMSE,rekonstrukcja,RMD-FSE,18|Sunspot|Climate||FIR|||||5
18,Time-series data prediction based on reconstruction of missing samples and selective ensembling of FIR neural networks,Sunspot,Climate,,FIR,,,,,"7,5",7.5,0-10%,,NRMSE,rekonstrukcja,RMD-FSE,"18|Sunspot|Climate||FIR|||||7,5"
18,Time-series data prediction based on reconstruction of missing samples and selective ensembling of FIR neural networks,Sunspot,Climate,,FIR,,,,,10,10.0,10-20%,,NRMSE,rekonstrukcja,RMD-FSE,18|Sunspot|Climate||FIR|||||10
18,Time-series data prediction based on reconstruction of missing samples and selective ensembling of FIR neural networks,Sunspot,Climate,,FIR,,,,,"12,5",12.5,10-20%,,NRMSE,rekonstrukcja,RMD-FSE,"18|Sunspot|Climate||FIR|||||12,5"
18,Time-series data prediction based on reconstruction of missing samples and selective ensembling of FIR neural networks,Sunspot,Climate,,FIR,,,,,15,15.0,10-20%,,NRMSE,rekonstrukcja,RMD-FSE,18|Sunspot|Climate||FIR|||||15
18,Time-series data prediction based on reconstruction of missing samples and selective ensembling of FIR neural networks,BanLuang,Climate,,FIR,,,,,"2,5",2.5,0-10%,,NRMSE,rekonstrukcja,RMD-FSE,"18|BanLuang|Climate||FIR|||||2,5"
18,Time-series data prediction based on reconstruction of missing samples and selective ensembling of FIR neural networks,BanLuang,Climate,,FIR,,,,,5,5.0,0-10%,,NRMSE,rekonstrukcja,RMD-FSE,18|BanLuang|Climate||FIR|||||5
18,Time-series data prediction based on reconstruction of missing samples and selective ensembling of FIR neural networks,BanLuang,Climate,,FIR,,,,,"7,5",7.5,0-10%,,NRMSE,rekonstrukcja,RMD-FSE,"18|BanLuang|Climate||FIR|||||7,5"
18,Time-series data prediction based on reconstruction of missing samples and selective ensembling of FIR neural networks,BanLuang,Climate,,FIR,,,,,10,10.0,10-20%,,NRMSE,rekonstrukcja,RMD-FSE,18|BanLuang|Climate||FIR|||||10
18,Time-series data prediction based on reconstruction of missing samples and selective ensembling of FIR neural networks,BanLuang,Climate,,FIR,,,,,"12,5",12.5,10-20%,,NRMSE,rekonstrukcja,RMD-FSE,"18|BanLuang|Climate||FIR|||||12,5"
18,Time-series data prediction based on reconstruction of missing samples and selective ensembling of FIR neural networks,BanLuang,Climate,,FIR,,,,,15,15.0,10-20%,,NRMSE,rekonstrukcja,RMD-FSE,18|BanLuang|Climate||FIR|||||15
19,Multilevel prediction of missing time series dam displacements data based on artificial neural networks voting evaluation,BosniaDam,Endurance,,Not specified,,,,,,,nieznany,brak_wartosci,MAE,rekonstrukcja,(A)NN,19|BosniaDam|Endurance||Not specified|||||
21,Robust Time Series Prediction with Missing Data Based on Deep Convolutional Neural Networks,Exchange-Rate,Finance,,Not specified,,,,,,,nieznany,brak_wartosci,CORR,rekonstrukcja,M-LSTNet,21|Exchange-Rate|Finance||Not specified|||||
21,Robust Time Series Prediction with Missing Data Based on Deep Convolutional Neural Networks,Exchange-Rate,Finance,,Not specified,,,,,,,nieznany,brak_wartosci,RSE,rekonstrukcja,M-LSTNet,21|Exchange-Rate|Finance||Not specified|||||
22,Any-Time Methods for Time-Series Prediction with Missing Observations,Not specified,Not specified,,AR,,,,,0,0.0,0-10%,,MSE,rekonstrukcja,AERR,22|Not specified|Not specified||AR|||||0
22,Any-Time Methods for Time-Series Prediction with Missing Observations,Not specified,Not specified,,AR,,,,,10,10.0,10-20%,,MSE,rekonstrukcja,AERR,22|Not specified|Not specified||AR|||||10
22,Any-Time Methods for Time-Series Prediction with Missing Observations,Not specified,Not specified,,AR,,,,,20,20.0,20-30%,,MSE,rekonstrukcja,AERR,22|Not specified|Not specified||AR|||||20
22,Any-Time Methods for Time-Series Prediction with Missing Observations,Not specified,Not specified,,AR,,,,,30,30.0,30-40%,,MSE,rekonstrukcja,AERR,22|Not specified|Not specified||AR|||||30
22,Any-Time Methods for Time-Series Prediction with Missing Observations,Not specified,Not specified,,AR,,,,,0,0.0,0-10%,,MSE,rekonstrukcja,AELR,22|Not specified|Not specified||AR|||||0
22,Any-Time Methods for Time-Series Prediction with Missing Observations,Not specified,Not specified,,AR,,,,,10,10.0,10-20%,,MSE,rekonstrukcja,AELR,22|Not specified|Not specified||AR|||||10
22,Any-Time Methods for Time-Series Prediction with Missing Observations,Not specified,Not specified,,AR,,,,,20,20.0,20-30%,,MSE,rekonstrukcja,AELR,22|Not specified|Not specified||AR|||||20
22,Any-Time Methods for Time-Series Prediction with Missing Observations,Not specified,Not specified,,AR,,,,,30,30.0,30-40%,,MSE,rekonstrukcja,AELR,22|Not specified|Not specified||AR|||||30
23,Nonlinear Time-Series Prediction with Missing and Noisy Data,Sunspot,Climate,,(A)NN,,,,,,,nieznany,brak_wartosci,MSE,rekonstrukcja,Stochastic Simulation,23|Sunspot|Climate||(A)NN|||||
24,Time series prediction with missing values: a bidirectional fully connected neural network approach,Not specified,Not specified,,(A)NN,,,,,,,nieznany,brak_wartosci,RMSE,rekonstrukcja,Bi-FCNN,24|Not specified|Not specified||(A)NN|||||
24,Time series prediction with missing values: a bidirectional fully connected neural network approach,Not specified,Not specified,,(A)NN,,,,,,,nieznany,brak_wartosci,RMSE,rekonstrukcja,Bi-FCNN,24|Not specified|Not specified||(A)NN|||||
24,Time series prediction with missing values: a bidirectional fully connected neural network approach,Not specified,Not specified,,(A)NN,,,,,,,nieznany,brak_wartosci,RMSE,rekonstrukcja,Bi-FCNN,24|Not specified|Not specified||(A)NN|||||
24,Time series prediction with missing values: a bidirectional fully connected neural network approach,Not specified,Not specified,,(A)NN,,,,,,,nieznany,brak_wartosci,RMSE,rekonstrukcja,Bi-FCNN,24|Not specified|Not specified||(A)NN|||||
24,Time series prediction with missing values: a bidirectional fully connected neural network approach,Not specified,Not specified,,(A)NN,,,,,,,nieznany,brak_wartosci,RMSE,rekonstrukcja,Bi-FCNN,24|Not specified|Not specified||(A)NN|||||
61,End-to-end Multi-task Learning of Missing Value Imputation and Forecasting in Time-Series Data,Self-generated,Medicine,,(A)NN,,,,,,,nieznany,brak_wartosci,AUC,zadanie,GAN,61|Self-generated|Medicine||(A)NN|||||
62,Double quantization forecasting method for filling missing data in the CATS time series,CATS,Finance,,AR,,,,,,,nieznany,brak_wartosci,MSE,rekonstrukcja,DVQ,62|CATS|Finance||AR|||||
63,Missing Data Dynamic Forecasting of Fuzzy Time Series Based on Gaussian Mixture Model,ChinaEndMonth,Endurance,,Not specified,,,,,,,nieznany,brak_wartosci,RMSE,rekonstrukcja,GFTS,63|ChinaEndMonth|Endurance||Not specified|||||
63,Missing Data Dynamic Forecasting of Fuzzy Time Series Based on Gaussian Mixture Model,ChinaIndustrial,Endurance,,Not specified,,,,,,,nieznany,brak_wartosci,RMSE,rekonstrukcja,GFTS,63|ChinaIndustrial|Endurance||Not specified|||||
64,GinAR+: A Robust End-to-End Framework for Multivariate Time Series Forecasting With Missing Values,METR-LA,Traffic,,STID,,,,,25,25.0,20-30%,,MAE,rekonstrukcja,IA+CL,64|METR-LA|Traffic||STID|||||25
64,GinAR+: A Robust End-to-End Framework for Multivariate Time Series Forecasting With Missing Values,METR-LA,Traffic,,STID,,,,,50,50.0,50-60%,,MAE,rekonstrukcja,IA+CL,64|METR-LA|Traffic||STID|||||50
64,GinAR+: A Robust End-to-End Framework for Multivariate Time Series Forecasting With Missing Values,METR-LA,Traffic,,STID,,,,,75,75.0,70-80%,,MAE,rekonstrukcja,IA+CL,64|METR-LA|Traffic||STID|||||75
64,GinAR+: A Robust End-to-End Framework for Multivariate Time Series Forecasting With Missing Values,METR-LA,Traffic,,STID,,,,,90,90.0,90-100%,,MAE,rekonstrukcja,IA+CL,64|METR-LA|Traffic||STID|||||90
64,GinAR+: A Robust End-to-End Framework for Multivariate Time Series Forecasting With Missing Values,PEMS08,Traffic,,STID,,,,,25,25.0,20-30%,,MAE,rekonstrukcja,IA+CL,64|PEMS08|Traffic||STID|||||25
64,GinAR+: A Robust End-to-End Framework for Multivariate Time Series Forecasting With Missing Values,PEMS08,Traffic,,STID,,,,,50,50.0,50-60%,,MAE,rekonstrukcja,IA+CL,64|PEMS08|Traffic||STID|||||50
64,GinAR+: A Robust End-to-End Framework for Multivariate Time Series Forecasting With Missing Values,PEMS08,Traffic,,STID,,,,,75,75.0,70-80%,,MAE,rekonstrukcja,IA+CL,64|PEMS08|Traffic||STID|||||75
64,GinAR+: A Robust End-to-End Framework for Multivariate Time Series Forecasting With Missing Values,PEMS08,Traffic,,STID,,,,,90,90.0,90-100%,,MAE,rekonstrukcja,IA+CL,64|PEMS08|Traffic||STID|||||90
64,GinAR+: A Robust End-to-End Framework for Multivariate Time Series Forecasting With Missing Values,China AQI,Climate,,STID,,,,,25,25.0,20-30%,,MAE,rekonstrukcja,IA+CL,64|China AQI|Climate||STID|||||25
64,GinAR+: A Robust End-to-End Framework for Multivariate Time Series Forecasting With Missing Values,China AQI,Climate,,STID,,,,,50,50.0,50-60%,,MAE,rekonstrukcja,IA+CL,64|China AQI|Climate||STID|||||50
64,GinAR+: A Robust End-to-End Framework for Multivariate Time Series Forecasting With Missing Values,China AQI,Climate,,STID,,,,,75,75.0,70-80%,,MAE,rekonstrukcja,IA+CL,64|China AQI|Climate||STID|||||75
64,GinAR+: A Robust End-to-End Framework for Multivariate Time Series Forecasting With Missing Values,China AQI,Climate,,STID,,,,,90,90.0,90-100%,,MAE,rekonstrukcja,IA+CL,64|China AQI|Climate||STID|||||90
77,LIFE: Learning Individual Features for Multivariate Time Series Prediction with Missing Values,,,,LIFE,,,,,,,nieznany,brak_wartosci,AUC,zadanie,CME-PDTW,77||||LIFE|||||
78,MTSSP: Missing Value Imputation in Multivariate Time Series for Survival Prediction,MIMIC-III,Chemical,,Not specified,,,,,,,nieznany,brak_wartosci,RMSE,rekonstrukcja,MTSSP,78|MIMIC-III|Chemical||Not specified|||||
78,MTSSP: Missing Value Imputation in Multivariate Time Series for Survival Prediction,MIMIC-IV,Chemical,,Not specified,,,,,,,nieznany,brak_wartosci,RMSE,rekonstrukcja,MTSSP,78|MIMIC-IV|Chemical||Not specified|||||
107,The Development of an LSTM Model to Predict Time Series Missing Data of Air Temperature inside Fattening Pig Houses,Imcheon-myeon,Climate,,Not specified,,1hr,,,,,nieznany,brak_wartosci,RMSE,rekonstrukcja,Bi-LSTM,107|Imcheon-myeon|Climate||Not specified||1hr|||
107,The Development of an LSTM Model to Predict Time Series Missing Data of Air Temperature inside Fattening Pig Houses,Imcheon-myeon,Climate,,Not specified,,1hr,,,,,nieznany,brak_wartosci,MAPE,rekonstrukcja,Bi-LSTM,107|Imcheon-myeon|Climate||Not specified||1hr|||
107,The Development of an LSTM Model to Predict Time Series Missing Data of Air Temperature inside Fattening Pig Houses,Imcheon-myeon,Climate,,Not specified,reverse,2hr,,,,,nieznany,brak_wartosci,RMSE,rekonstrukcja,LSTM,107|Imcheon-myeon|Climate||Not specified|reverse|2hr|||
107,The Development of an LSTM Model to Predict Time Series Missing Data of Air Temperature inside Fattening Pig Houses,Imcheon-myeon,Climate,,Not specified,reverse,2hr,,,,,nieznany,brak_wartosci,MAPE,rekonstrukcja,LSTM,107|Imcheon-myeon|Climate||Not specified|reverse|2hr|||
107,The Development of an LSTM Model to Predict Time Series Missing Data of Air Temperature inside Fattening Pig Houses,Imcheon-myeon,Climate,,Not specified,reverse,3hr,,,,,nieznany,brak_wartosci,RMSE,rekonstrukcja,Bi-LSTM,107|Imcheon-myeon|Climate||Not specified|reverse|3hr|||
107,The Development of an LSTM Model to Predict Time Series Missing Data of Air Temperature inside Fattening Pig Houses,Imcheon-myeon,Climate,,Not specified,reverse,3hr,,,,,nieznany,brak_wartosci,MAPE,rekonstrukcja,Bi-LSTM,107|Imcheon-myeon|Climate||Not specified|reverse|3hr|||
107,The Development of an LSTM Model to Predict Time Series Missing Data of Air Temperature inside Fattening Pig Houses,Imcheon-myeon,Climate,,Not specified,reverse,6hr,,,,,nieznany,brak_wartosci,RMSE,rekonstrukcja,Bi-LSTM,107|Imcheon-myeon|Climate||Not specified|reverse|6hr|||
107,The Development of an LSTM Model to Predict Time Series Missing Data of Air Temperature inside Fattening Pig Houses,Imcheon-myeon,Climate,,Not specified,reverse,6hr,,,,,nieznany,brak_wartosci,MAPE,rekonstrukcja,Bi-LSTM,107|Imcheon-myeon|Climate||Not specified|reverse|6hr|||
107,The Development of an LSTM Model to Predict Time Series Missing Data of Air Temperature inside Fattening Pig Houses,Imcheon-myeon,Climate,,Not specified,reverse,9hr,,,,,nieznany,brak_wartosci,RMSE,rekonstrukcja,Bi-LSTM,107|Imcheon-myeon|Climate||Not specified|reverse|9hr|||
107,The Development of an LSTM Model to Predict Time Series Missing Data of Air Temperature inside Fattening Pig Houses,Imcheon-myeon,Climate,,Not specified,reverse,9hr,,,,,nieznany,brak_wartosci,MAPE,rekonstrukcja,Bi-LSTM,107|Imcheon-myeon|Climate||Not specified|reverse|9hr|||
107,The Development of an LSTM Model to Predict Time Series Missing Data of Air Temperature inside Fattening Pig Houses,Imcheon-myeon,Climate,,Not specified,reverse,12hr,,,,,nieznany,brak_wartosci,RMSE,rekonstrukcja,Bi-LSTM,107|Imcheon-myeon|Climate||Not specified|reverse|12hr|||
107,The Development of an LSTM Model to Predict Time Series Missing Data of Air Temperature inside Fattening Pig Houses,Imcheon-myeon,Climate,,Not specified,reverse,12hr,,,,,nieznany,brak_wartosci,MAPE,rekonstrukcja,Bi-LSTM,107|Imcheon-myeon|Climate||Not specified|reverse|12hr|||
107,The Development of an LSTM Model to Predict Time Series Missing Data of Air Temperature inside Fattening Pig Houses,Imcheon-myeon,Climate,,Not specified,reverse,24hr,,,,,nieznany,brak_wartosci,RMSE,rekonstrukcja,Bi-LSTM,107|Imcheon-myeon|Climate||Not specified|reverse|24hr|||
107,The Development of an LSTM Model to Predict Time Series Missing Data of Air Temperature inside Fattening Pig Houses,Imcheon-myeon,Climate,,Not specified,reverse,24hr,,,,,nieznany,brak_wartosci,MAPE,rekonstrukcja,Bi-LSTM,107|Imcheon-myeon|Climate||Not specified|reverse|24hr|||
107,The Development of an LSTM Model to Predict Time Series Missing Data of Air Temperature inside Fattening Pig Houses,Imcheon-myeon,Climate,,Not specified,mape: reverse,36hr,,,,,nieznany,brak_wartosci,RMSE,rekonstrukcja,LSTM/Bi-LSTM,107|Imcheon-myeon|Climate||Not specified|mape: reverse|36hr|||
107,The Development of an LSTM Model to Predict Time Series Missing Data of Air Temperature inside Fattening Pig Houses,Imcheon-myeon,Climate,,Not specified,mape: reverse,36hr,,,,,nieznany,brak_wartosci,MAPE,rekonstrukcja,LSTM,107|Imcheon-myeon|Climate||Not specified|mape: reverse|36hr|||
107,The Development of an LSTM Model to Predict Time Series Missing Data of Air Temperature inside Fattening Pig Houses,Imcheon-myeon,Climate,,Not specified,reverse,48hr,,,,,nieznany,brak_wartosci,RMSE,rekonstrukcja,LSTM,107|Imcheon-myeon|Climate||Not specified|reverse|48hr|||
107,The Development of an LSTM Model to Predict Time Series Missing Data of Air Temperature inside Fattening Pig Houses,Imcheon-myeon,Climate,,Not specified,reverse,48hr,,,,,nieznany,brak_wartosci,MAPE,rekonstrukcja,LSTM,107|Imcheon-myeon|Climate||Not specified|reverse|48hr|||
121,Reconstruction and Prediction of Chaotic Time Series with Missing Data: Leveraging Dynamical Correlations Between Variables,Self-generated,Not specified,,Not specified,,,,,10,10.0,10-20%,,RMSE,rekonstrukcja,LNS_PM,121|Self-generated|Not specified||Not specified|||||10
121,Reconstruction and Prediction of Chaotic Time Series with Missing Data: Leveraging Dynamical Correlations Between Variables,Self-generated,Not specified,,Not specified,,,,,10,10.0,10-20%,,MAPE,rekonstrukcja,LNS_PM,121|Self-generated|Not specified||Not specified|||||10
121,Reconstruction and Prediction of Chaotic Time Series with Missing Data: Leveraging Dynamical Correlations Between Variables,Self-generated,Not specified,,Not specified,,,,,20,20.0,20-30%,,RMSE,rekonstrukcja,LNS_PM,121|Self-generated|Not specified||Not specified|||||20
121,Reconstruction and Prediction of Chaotic Time Series with Missing Data: Leveraging Dynamical Correlations Between Variables,Self-generated,Not specified,,Not specified,,,,,20,20.0,20-30%,,MAPE,rekonstrukcja,LNS_PM,121|Self-generated|Not specified||Not specified|||||20
121,Reconstruction and Prediction of Chaotic Time Series with Missing Data: Leveraging Dynamical Correlations Between Variables,Self-generated,Not specified,,Not specified,,,,,30,30.0,30-40%,,RMSE,rekonstrukcja,LNS_PM,121|Self-generated|Not specified||Not specified|||||30
121,Reconstruction and Prediction of Chaotic Time Series with Missing Data: Leveraging Dynamical Correlations Between Variables,Self-generated,Not specified,,Not specified,,,,,30,30.0,30-40%,,MAPE,rekonstrukcja,LNS_PM,121|Self-generated|Not specified||Not specified|||||30
121,Reconstruction and Prediction of Chaotic Time Series with Missing Data: Leveraging Dynamical Correlations Between Variables,Self-generated,Not specified,,Not specified,,,,,40,40.0,40-50%,,RMSE,rekonstrukcja,LNS_PM,121|Self-generated|Not specified||Not specified|||||40
121,Reconstruction and Prediction of Chaotic Time Series with Missing Data: Leveraging Dynamical Correlations Between Variables,Self-generated,Not specified,,Not specified,,,,,40,40.0,40-50%,,MAPE,rekonstrukcja,LNS_PM,121|Self-generated|Not specified||Not specified|||||40
121,Reconstruction and Prediction of Chaotic Time Series with Missing Data: Leveraging Dynamical Correlations Between Variables,Self-generated,Not specified,,Not specified,,,,,50,50.0,50-60%,,RMSE,rekonstrukcja,LNS_PM,121|Self-generated|Not specified||Not specified|||||50
121,Reconstruction and Prediction of Chaotic Time Series with Missing Data: Leveraging Dynamical Correlations Between Variables,Self-generated,Not specified,,Not specified,,,,,50,50.0,50-60%,,MAPE,rekonstrukcja,LNS_PM,121|Self-generated|Not specified||Not specified|||||50
121,Reconstruction and Prediction of Chaotic Time Series with Missing Data: Leveraging Dynamical Correlations Between Variables,Self-generated,Not specified,,Not specified,,,,,10,10.0,10-20%,,RMSE,rekonstrukcja,DeepVar,121|Self-generated|Not specified||Not specified|||||10
121,Reconstruction and Prediction of Chaotic Time Series with Missing Data: Leveraging Dynamical Correlations Between Variables,Self-generated,Not specified,,Not specified,,,,,10,10.0,10-20%,,MAPE,rekonstrukcja,DeepVar,121|Self-generated|Not specified||Not specified|||||10
121,Reconstruction and Prediction of Chaotic Time Series with Missing Data: Leveraging Dynamical Correlations Between Variables,Self-generated,Not specified,,Not specified,,,,,20,20.0,20-30%,,RMSE,rekonstrukcja,DeepVar,121|Self-generated|Not specified||Not specified|||||20
121,Reconstruction and Prediction of Chaotic Time Series with Missing Data: Leveraging Dynamical Correlations Between Variables,Self-generated,Not specified,,Not specified,,,,,20,20.0,20-30%,,MAPE,rekonstrukcja,DeepVar,121|Self-generated|Not specified||Not specified|||||20
121,Reconstruction and Prediction of Chaotic Time Series with Missing Data: Leveraging Dynamical Correlations Between Variables,Self-generated,Not specified,,Not specified,,,,,30,30.0,30-40%,,RMSE,rekonstrukcja,DeepVar,121|Self-generated|Not specified||Not specified|||||30
121,Reconstruction and Prediction of Chaotic Time Series with Missing Data: Leveraging Dynamical Correlations Between Variables,Self-generated,Not specified,,Not specified,,,,,30,30.0,30-40%,,MAPE,rekonstrukcja,DeepVar,121|Self-generated|Not specified||Not specified|||||30
121,Reconstruction and Prediction of Chaotic Time Series with Missing Data: Leveraging Dynamical Correlations Between Variables,Self-generated,Not specified,,Not specified,,,,,40,40.0,40-50%,,RMSE,rekonstrukcja,DeepVar,121|Self-generated|Not specified||Not specified|||||40
121,Reconstruction and Prediction of Chaotic Time Series with Missing Data: Leveraging Dynamical Correlations Between Variables,Self-generated,Not specified,,Not specified,,,,,40,40.0,40-50%,,MAPE,rekonstrukcja,DeepVar,121|Self-generated|Not specified||Not specified|||||40
121,Reconstruction and Prediction of Chaotic Time Series with Missing Data: Leveraging Dynamical Correlations Between Variables,Self-generated,Not specified,,Not specified,,,,,50,50.0,50-60%,,RMSE,rekonstrukcja,LNS_PM,121|Self-generated|Not specified||Not specified|||||50
121,Reconstruction and Prediction of Chaotic Time Series with Missing Data: Leveraging Dynamical Correlations Between Variables,Self-generated,Not specified,,Not specified,,,,,50,50.0,50-60%,,MAPE,rekonstrukcja,LNS_PM,121|Self-generated|Not specified||Not specified|||||50
121,Reconstruction and Prediction of Chaotic Time Series with Missing Data: Leveraging Dynamical Correlations Between Variables,Self-generated,Not specified,,Not specified,,,,,10,10.0,10-20%,,RMSE,rekonstrukcja,LNS_PM,121|Self-generated|Not specified||Not specified|||||10
121,Reconstruction and Prediction of Chaotic Time Series with Missing Data: Leveraging Dynamical Correlations Between Variables,Self-generated,Not specified,,Not specified,,,,,10,10.0,10-20%,,MAPE,rekonstrukcja,LNS_PM,121|Self-generated|Not specified||Not specified|||||10
121,Reconstruction and Prediction of Chaotic Time Series with Missing Data: Leveraging Dynamical Correlations Between Variables,Self-generated,Not specified,,Not specified,,,,,20,20.0,20-30%,,RMSE,rekonstrukcja,LNS_PM/NST,121|Self-generated|Not specified||Not specified|||||20
121,Reconstruction and Prediction of Chaotic Time Series with Missing Data: Leveraging Dynamical Correlations Between Variables,Self-generated,Not specified,,Not specified,,,,,20,20.0,20-30%,,MAPE,rekonstrukcja,LNS_PM,121|Self-generated|Not specified||Not specified|||||20
121,Reconstruction and Prediction of Chaotic Time Series with Missing Data: Leveraging Dynamical Correlations Between Variables,Self-generated,Not specified,,Not specified,,,,,30,30.0,30-40%,,RMSE,rekonstrukcja,LNS_PM,121|Self-generated|Not specified||Not specified|||||30
121,Reconstruction and Prediction of Chaotic Time Series with Missing Data: Leveraging Dynamical Correlations Between Variables,Self-generated,Not specified,,Not specified,,,,,30,30.0,30-40%,,MAPE,rekonstrukcja,LNS_PM,121|Self-generated|Not specified||Not specified|||||30
121,Reconstruction and Prediction of Chaotic Time Series with Missing Data: Leveraging Dynamical Correlations Between Variables,Self-generated,Not specified,,Not specified,,,,,40,40.0,40-50%,,RMSE,rekonstrukcja,LNS_PM,121|Self-generated|Not specified||Not specified|||||40
121,Reconstruction and Prediction of Chaotic Time Series with Missing Data: Leveraging Dynamical Correlations Between Variables,Self-generated,Not specified,,Not specified,,,,,40,40.0,40-50%,,MAPE,rekonstrukcja,LNS_PM,121|Self-generated|Not specified||Not specified|||||40
121,Reconstruction and Prediction of Chaotic Time Series with Missing Data: Leveraging Dynamical Correlations Between Variables,Self-generated,Not specified,,Not specified,,,,,50,50.0,50-60%,,RMSE,rekonstrukcja,LNS_PM,121|Self-generated|Not specified||Not specified|||||50
121,Reconstruction and Prediction of Chaotic Time Series with Missing Data: Leveraging Dynamical Correlations Between Variables,Self-generated,Not specified,,Not specified,,,,,50,50.0,50-60%,,MAPE,rekonstrukcja,LNS_PM,121|Self-generated|Not specified||Not specified|||||50
121,Reconstruction and Prediction of Chaotic Time Series with Missing Data: Leveraging Dynamical Correlations Between Variables,Self-generated,Not specified,,Not specified,,,,,10,10.0,10-20%,,RMSE,rekonstrukcja,DeepVar,121|Self-generated|Not specified||Not specified|||||10
121,Reconstruction and Prediction of Chaotic Time Series with Missing Data: Leveraging Dynamical Correlations Between Variables,Self-generated,Not specified,,Not specified,,,,,10,10.0,10-20%,,MAPE,rekonstrukcja,LNS_PM,121|Self-generated|Not specified||Not specified|||||10
121,Reconstruction and Prediction of Chaotic Time Series with Missing Data: Leveraging Dynamical Correlations Between Variables,Self-generated,Not specified,,Not specified,,,,,20,20.0,20-30%,,RMSE,rekonstrukcja,LNS_PM,121|Self-generated|Not specified||Not specified|||||20
121,Reconstruction and Prediction of Chaotic Time Series with Missing Data: Leveraging Dynamical Correlations Between Variables,Self-generated,Not specified,,Not specified,,,,,20,20.0,20-30%,,MAPE,rekonstrukcja,LNS_PM,121|Self-generated|Not specified||Not specified|||||20
121,Reconstruction and Prediction of Chaotic Time Series with Missing Data: Leveraging Dynamical Correlations Between Variables,Self-generated,Not specified,,Not specified,,,,,30,30.0,30-40%,,RMSE,rekonstrukcja,LNS_PM,121|Self-generated|Not specified||Not specified|||||30
121,Reconstruction and Prediction of Chaotic Time Series with Missing Data: Leveraging Dynamical Correlations Between Variables,Self-generated,Not specified,,Not specified,,,,,30,30.0,30-40%,,MAPE,rekonstrukcja,LNS_PM,121|Self-generated|Not specified||Not specified|||||30
121,Reconstruction and Prediction of Chaotic Time Series with Missing Data: Leveraging Dynamical Correlations Between Variables,Self-generated,Not specified,,Not specified,,,,,40,40.0,40-50%,,RMSE,rekonstrukcja,LNS_PM,121|Self-generated|Not specified||Not specified|||||40
121,Reconstruction and Prediction of Chaotic Time Series with Missing Data: Leveraging Dynamical Correlations Between Variables,Self-generated,Not specified,,Not specified,,,,,40,40.0,40-50%,,MAPE,rekonstrukcja,LNS_PM,121|Self-generated|Not specified||Not specified|||||40
121,Reconstruction and Prediction of Chaotic Time Series with Missing Data: Leveraging Dynamical Correlations Between Variables,Self-generated,Not specified,,Not specified,,,,,50,50.0,50-60%,,RMSE,rekonstrukcja,LNS_PM,121|Self-generated|Not specified||Not specified|||||50
121,Reconstruction and Prediction of Chaotic Time Series with Missing Data: Leveraging Dynamical Correlations Between Variables,Self-generated,Not specified,,Not specified,,,,,50,50.0,50-60%,,MAPE,rekonstrukcja,LNS_PM,121|Self-generated|Not specified||Not specified|||||50
129,Denoising or distortion: Does decomposition-reconstruction modeling paradigm provide a reliable prediction for crude oil price time series?,WTI,Finance,,Not specified,,168h,1,,,,nieznany,brak_wartosci,RMSE,rekonstrukcja,EEMD-RVFL,129|WTI|Finance||Not specified||168h|1||
129,Denoising or distortion: Does decomposition-reconstruction modeling paradigm provide a reliable prediction for crude oil price time series?,WTI,Finance,,Not specified,,168h,1,,,,nieznany,brak_wartosci,MAPE,rekonstrukcja,EEMD-RVFL,129|WTI|Finance||Not specified||168h|1||
129,Denoising or distortion: Does decomposition-reconstruction modeling paradigm provide a reliable prediction for crude oil price time series?,WTI,Finance,,Not specified,,168h,1,,,,nieznany,brak_wartosci,MAE,rekonstrukcja,EEMD-RVFL,129|WTI|Finance||Not specified||168h|1||
129,Denoising or distortion: Does decomposition-reconstruction modeling paradigm provide a reliable prediction for crude oil price time series?,WTI,Finance,,Not specified,,168h,1,,,,nieznany,brak_wartosci,MASE,rekonstrukcja,EEMD-RVFL,129|WTI|Finance||Not specified||168h|1||
129,Denoising or distortion: Does decomposition-reconstruction modeling paradigm provide a reliable prediction for crude oil price time series?,WTI,Finance,,Not specified,,168h,1,,,,nieznany,brak_wartosci,Dstat,rekonstrukcja,EEMD-RVFL,129|WTI|Finance||Not specified||168h|1||
129,Denoising or distortion: Does decomposition-reconstruction modeling paradigm provide a reliable prediction for crude oil price time series?,WTI,Finance,,Not specified,,168h,2,,,,nieznany,brak_wartosci,RMSE,rekonstrukcja,EEMD-RVFL,129|WTI|Finance||Not specified||168h|2||
129,Denoising or distortion: Does decomposition-reconstruction modeling paradigm provide a reliable prediction for crude oil price time series?,WTI,Finance,,Not specified,,168h,2,,,,nieznany,brak_wartosci,MAPE,rekonstrukcja,EEMD-RVFL,129|WTI|Finance||Not specified||168h|2||
129,Denoising or distortion: Does decomposition-reconstruction modeling paradigm provide a reliable prediction for crude oil price time series?,WTI,Finance,,Not specified,,168h,2,,,,nieznany,brak_wartosci,MAE,rekonstrukcja,EEMD-RVFL,129|WTI|Finance||Not specified||168h|2||
129,Denoising or distortion: Does decomposition-reconstruction modeling paradigm provide a reliable prediction for crude oil price time series?,WTI,Finance,,Not specified,,168h,2,,,,nieznany,brak_wartosci,MASE,rekonstrukcja,EEMD-RVFL,129|WTI|Finance||Not specified||168h|2||
129,Denoising or distortion: Does decomposition-reconstruction modeling paradigm provide a reliable prediction for crude oil price time series?,WTI,Finance,,Not specified,,168h,2,,,,nieznany,brak_wartosci,Dstat,rekonstrukcja,EEMD-RVFL,129|WTI|Finance||Not specified||168h|2||
129,Denoising or distortion: Does decomposition-reconstruction modeling paradigm provide a reliable prediction for crude oil price time series?,WTI,Finance,,Not specified,,168h,3,,,,nieznany,brak_wartosci,RMSE,rekonstrukcja,EEMD-RVFL,129|WTI|Finance||Not specified||168h|3||
129,Denoising or distortion: Does decomposition-reconstruction modeling paradigm provide a reliable prediction for crude oil price time series?,WTI,Finance,,Not specified,,168h,3,,,,nieznany,brak_wartosci,MAPE,rekonstrukcja,EEMD-RVFL,129|WTI|Finance||Not specified||168h|3||
129,Denoising or distortion: Does decomposition-reconstruction modeling paradigm provide a reliable prediction for crude oil price time series?,WTI,Finance,,Not specified,,168h,3,,,,nieznany,brak_wartosci,MAE,rekonstrukcja,EEMD-RVFL,129|WTI|Finance||Not specified||168h|3||
129,Denoising or distortion: Does decomposition-reconstruction modeling paradigm provide a reliable prediction for crude oil price time series?,WTI,Finance,,Not specified,,168h,3,,,,nieznany,brak_wartosci,MASE,rekonstrukcja,R-VMD-RVFL,129|WTI|Finance||Not specified||168h|3||
129,Denoising or distortion: Does decomposition-reconstruction modeling paradigm provide a reliable prediction for crude oil price time series?,WTI,Finance,,Not specified,,168h,3,,,,nieznany,brak_wartosci,Dstat,rekonstrukcja,BP,129|WTI|Finance||Not specified||168h|3||
129,Denoising or distortion: Does decomposition-reconstruction modeling paradigm provide a reliable prediction for crude oil price time series?,WTI,Finance,,Not specified,,720h,1,,,,nieznany,brak_wartosci,RMSE,rekonstrukcja,EEMD-RVFL,129|WTI|Finance||Not specified||720h|1||
129,Denoising or distortion: Does decomposition-reconstruction modeling paradigm provide a reliable prediction for crude oil price time series?,WTI,Finance,,Not specified,,720h,1,,,,nieznany,brak_wartosci,MAPE,rekonstrukcja,EEMD-RVFL,129|WTI|Finance||Not specified||720h|1||
129,Denoising or distortion: Does decomposition-reconstruction modeling paradigm provide a reliable prediction for crude oil price time series?,WTI,Finance,,Not specified,,720h,1,,,,nieznany,brak_wartosci,MAE,rekonstrukcja,EEMD-RVFL,129|WTI|Finance||Not specified||720h|1||
129,Denoising or distortion: Does decomposition-reconstruction modeling paradigm provide a reliable prediction for crude oil price time series?,WTI,Finance,,Not specified,,720h,1,,,,nieznany,brak_wartosci,MASE,rekonstrukcja,EEMD-RVFL,129|WTI|Finance||Not specified||720h|1||
129,Denoising or distortion: Does decomposition-reconstruction modeling paradigm provide a reliable prediction for crude oil price time series?,WTI,Finance,,Not specified,,720h,1,,,,nieznany,brak_wartosci,Dstat,rekonstrukcja,EEMD-RVFL,129|WTI|Finance||Not specified||720h|1||
129,Denoising or distortion: Does decomposition-reconstruction modeling paradigm provide a reliable prediction for crude oil price time series?,WTI,Finance,,Not specified,,720h,2,,,,nieznany,brak_wartosci,RMSE,rekonstrukcja,EEMD-RVFL,129|WTI|Finance||Not specified||720h|2||
129,Denoising or distortion: Does decomposition-reconstruction modeling paradigm provide a reliable prediction for crude oil price time series?,WTI,Finance,,Not specified,,720h,2,,,,nieznany,brak_wartosci,MAPE,rekonstrukcja,EEMD-RVFL,129|WTI|Finance||Not specified||720h|2||
129,Denoising or distortion: Does decomposition-reconstruction modeling paradigm provide a reliable prediction for crude oil price time series?,WTI,Finance,,Not specified,,720h,2,,,,nieznany,brak_wartosci,MAE,rekonstrukcja,EEMD-RVFL,129|WTI|Finance||Not specified||720h|2||
129,Denoising or distortion: Does decomposition-reconstruction modeling paradigm provide a reliable prediction for crude oil price time series?,WTI,Finance,,Not specified,,720h,2,,,,nieznany,brak_wartosci,MASE,rekonstrukcja,R-VMD-RVFL,129|WTI|Finance||Not specified||720h|2||
129,Denoising or distortion: Does decomposition-reconstruction modeling paradigm provide a reliable prediction for crude oil price time series?,WTI,Finance,,Not specified,,720h,2,,,,nieznany,brak_wartosci,Dstat,rekonstrukcja,EEMD-RVFL,129|WTI|Finance||Not specified||720h|2||
129,Denoising or distortion: Does decomposition-reconstruction modeling paradigm provide a reliable prediction for crude oil price time series?,WTI,Finance,,Not specified,,720h,3,,,,nieznany,brak_wartosci,RMSE,rekonstrukcja,R-VMD-RVFL,129|WTI|Finance||Not specified||720h|3||
129,Denoising or distortion: Does decomposition-reconstruction modeling paradigm provide a reliable prediction for crude oil price time series?,WTI,Finance,,Not specified,,720h,3,,,,nieznany,brak_wartosci,MAPE,rekonstrukcja,EEMD-RVFL,129|WTI|Finance||Not specified||720h|3||
129,Denoising or distortion: Does decomposition-reconstruction modeling paradigm provide a reliable prediction for crude oil price time series?,WTI,Finance,,Not specified,,720h,3,,,,nieznany,brak_wartosci,MAE,rekonstrukcja,R-VMD-RVFL,129|WTI|Finance||Not specified||720h|3||
129,Denoising or distortion: Does decomposition-reconstruction modeling paradigm provide a reliable prediction for crude oil price time series?,WTI,Finance,,Not specified,,720h,3,,,,nieznany,brak_wartosci,MASE,rekonstrukcja,R-VMD-RVFL,129|WTI|Finance||Not specified||720h|3||
129,Denoising or distortion: Does decomposition-reconstruction modeling paradigm provide a reliable prediction for crude oil price time series?,WTI,Finance,,Not specified,,720h,3,,,,nieznany,brak_wartosci,Dstat,rekonstrukcja,R-VMD-RVFL,129|WTI|Finance||Not specified||720h|3||
158,kNN estimators for time series prediction: a functional partial linear single index model with missing responses and error-prone covariates,Self-generated,Electrical,,FPLSIM+kNN,,,,,~17,,nieznany,nienumeryczna_wartosc,MSE,rekonstrukcja,IMPWE,158|Self-generated|Electrical||FPLSIM+kNN|||||~17
158,kNN estimators for time series prediction: a functional partial linear single index model with missing responses and error-prone covariates,Self-generated,Electrical,,FPLSIM+kNN,,,,,~45,,nieznany,nienumeryczna_wartosc,MSE,rekonstrukcja,IMPWE,158|Self-generated|Electrical||FPLSIM+kNN|||||~45
158,kNN estimators for time series prediction: a functional partial linear single index model with missing responses and error-prone covariates,Self-generated,Electrical,,FPLSIM+Kernel,,,,,~17,,nieznany,nienumeryczna_wartosc,MSE,rekonstrukcja,KNN Impute,158|Self-generated|Electrical||FPLSIM+Kernel|||||~17
158,kNN estimators for time series prediction: a functional partial linear single index model with missing responses and error-prone covariates,Self-generated,Electrical,,FPLSIM+Kernel,,,,,~45,,nieznany,nienumeryczna_wartosc,MSE,rekonstrukcja,KNN Impute,158|Self-generated|Electrical||FPLSIM+Kernel|||||~45
158,kNN estimators for time series prediction: a functional partial linear single index model with missing responses and error-prone covariates,Annual Energy Review,Electrical,,FPLSIM+kNN,,,,,"10,2",10.2,10-20%,,MSE,rekonstrukcja,IMPWE,"158|Annual Energy Review|Electrical||FPLSIM+kNN|||||10,2"
158,kNN estimators for time series prediction: a functional partial linear single index model with missing responses and error-prone covariates,Annual Energy Review,Electrical,,FPLSIM+kNN,,,,,"22,4",22.4,20-30%,,MSE,rekonstrukcja,IMPWE,"158|Annual Energy Review|Electrical||FPLSIM+kNN|||||22,4"
158,kNN estimators for time series prediction: a functional partial linear single index model with missing responses and error-prone covariates,Annual Energy Review,Electrical,,FPLSIM+kNN,,,,,"30,6",30.6,30-40%,,MSE,rekonstrukcja,KNN Impute,"158|Annual Energy Review|Electrical||FPLSIM+kNN|||||30,6"
158,kNN estimators for time series prediction: a functional partial linear single index model with missing responses and error-prone covariates,Annual Energy Review,Electrical,,FPLSIM+kNN,,,,,"40,8",40.8,40-50%,,MSE,rekonstrukcja,KNN Impute,"158|Annual Energy Review|Electrical||FPLSIM+kNN|||||40,8"
158,kNN estimators for time series prediction: a functional partial linear single index model with missing responses and error-prone covariates,Annual Energy Review,Electrical,,FPLSIM+Kernel,,,,,"10,2",10.2,10-20%,,MSE,rekonstrukcja,KNN Impute,"158|Annual Energy Review|Electrical||FPLSIM+Kernel|||||10,2"
158,kNN estimators for time series prediction: a functional partial linear single index model with missing responses and error-prone covariates,Annual Energy Review,Electrical,,FPLSIM+Kernel,,,,,"22,4",22.4,20-30%,,MSE,rekonstrukcja,KNN Impute,"158|Annual Energy Review|Electrical||FPLSIM+Kernel|||||22,4"
158,kNN estimators for time series prediction: a functional partial linear single index model with missing responses and error-prone covariates,Annual Energy Review,Electrical,,FPLSIM+Kernel,,,,,"30,6",30.6,30-40%,,MSE,rekonstrukcja,KNN Impute,"158|Annual Energy Review|Electrical||FPLSIM+Kernel|||||30,6"
158,kNN estimators for time series prediction: a functional partial linear single index model with missing responses and error-prone covariates,Annual Energy Review,Electrical,,FPLSIM+Kernel,,,,,"40,8",40.8,40-50%,,MSE,rekonstrukcja,IMPWE,"158|Annual Energy Review|Electrical||FPLSIM+Kernel|||||40,8"
165,An improved self-attention for long-sequence time-series data forecasting with missing values,ETT,,,Transformer,,,,,5,5.0,0-10%,,RMSE,rekonstrukcja,Decay attention,165|ETT|||Transformer|||||5
165,An improved self-attention for long-sequence time-series data forecasting with missing values,ETT,,,Transformer,,,,,5,5.0,0-10%,,MAE,rekonstrukcja,Decay attention,165|ETT|||Transformer|||||5
165,An improved self-attention for long-sequence time-series data forecasting with missing values,ETT,,,Transformer,,,,,5,5.0,0-10%,,MSE,rekonstrukcja,Decay attention,165|ETT|||Transformer|||||5
165,An improved self-attention for long-sequence time-series data forecasting with missing values,ETT,,,Transformer,,,,,5,5.0,0-10%,,RSquare,rekonstrukcja,Decay attention,165|ETT|||Transformer|||||5
165,An improved self-attention for long-sequence time-series data forecasting with missing values,ETT,,,Transformer,,,,,25,25.0,20-30%,,MAE,rekonstrukcja,Decay attention,165|ETT|||Transformer|||||25
165,An improved self-attention for long-sequence time-series data forecasting with missing values,ETT,,,Transformer,,,,,25,25.0,20-30%,,MSE,rekonstrukcja,Decay attention,165|ETT|||Transformer|||||25
165,An improved self-attention for long-sequence time-series data forecasting with missing values,ETT,,,Informer,,,,,5,5.0,0-10%,,RMSE,rekonstrukcja,No imputation,165|ETT|||Informer|||||5
165,An improved self-attention for long-sequence time-series data forecasting with missing values,ETT,,,Informer,,,,,5,5.0,0-10%,,MAE,rekonstrukcja,No imputation,165|ETT|||Informer|||||5
165,An improved self-attention for long-sequence time-series data forecasting with missing values,ETT,,,Informer,,,,,5,5.0,0-10%,,MSE,rekonstrukcja,No imputation,165|ETT|||Informer|||||5
165,An improved self-attention for long-sequence time-series data forecasting with missing values,ETT,,,Informer,,,,,5,5.0,0-10%,,RSquare,rekonstrukcja,No imputation,165|ETT|||Informer|||||5
165,An improved self-attention for long-sequence time-series data forecasting with missing values,ETT,,,Autoformer,,,,,5,5.0,0-10%,,RMSE,rekonstrukcja,Decay attention,165|ETT|||Autoformer|||||5
165,An improved self-attention for long-sequence time-series data forecasting with missing values,ETT,,,Autoformer,,,,,5,5.0,0-10%,,MAE,rekonstrukcja,Decay attention,165|ETT|||Autoformer|||||5
165,An improved self-attention for long-sequence time-series data forecasting with missing values,ETT,,,Autoformer,,,,,5,5.0,0-10%,,MSE,rekonstrukcja,Decay attention,165|ETT|||Autoformer|||||5
165,An improved self-attention for long-sequence time-series data forecasting with missing values,ETT,,,Autoformer,,,,,5,5.0,0-10%,,RSquare,rekonstrukcja,Decay attention,165|ETT|||Autoformer|||||5
165,An improved self-attention for long-sequence time-series data forecasting with missing values,ECL,,,Transformer,,,,,5,5.0,0-10%,,RMSE,rekonstrukcja,Decay attention,165|ECL|||Transformer|||||5
165,An improved self-attention for long-sequence time-series data forecasting with missing values,ECL,,,Transformer,,,,,5,5.0,0-10%,,MAE,rekonstrukcja,Decay attention,165|ECL|||Transformer|||||5
165,An improved self-attention for long-sequence time-series data forecasting with missing values,ECL,,,Transformer,,,,,5,5.0,0-10%,,MSE,rekonstrukcja,Decay attention,165|ECL|||Transformer|||||5
165,An improved self-attention for long-sequence time-series data forecasting with missing values,ECL,,,Transformer,,,,,5,5.0,0-10%,,RSquare,rekonstrukcja,Decay attention,165|ECL|||Transformer|||||5
165,An improved self-attention for long-sequence time-series data forecasting with missing values,ECL,,,Informer,,,,,5,5.0,0-10%,,RMSE,rekonstrukcja,No imputation,165|ECL|||Informer|||||5
165,An improved self-attention for long-sequence time-series data forecasting with missing values,ECL,,,Informer,,,,,5,5.0,0-10%,,MAE,rekonstrukcja,No imputation,165|ECL|||Informer|||||5
165,An improved self-attention for long-sequence time-series data forecasting with missing values,ECL,,,Informer,,,,,5,5.0,0-10%,,MSE,rekonstrukcja,No imputation,165|ECL|||Informer|||||5
165,An improved self-attention for long-sequence time-series data forecasting with missing values,ECL,,,Informer,,,,,5,5.0,0-10%,,RSquare,rekonstrukcja,No imputation,165|ECL|||Informer|||||5
165,An improved self-attention for long-sequence time-series data forecasting with missing values,ECL,,,Autoformer,,,,,5,5.0,0-10%,,RMSE,rekonstrukcja,No imputation,165|ECL|||Autoformer|||||5
165,An improved self-attention for long-sequence time-series data forecasting with missing values,ECL,,,Autoformer,,,,,5,5.0,0-10%,,MAE,rekonstrukcja,No imputation,165|ECL|||Autoformer|||||5
165,An improved self-attention for long-sequence time-series data forecasting with missing values,ECL,,,Autoformer,,,,,5,5.0,0-10%,,MSE,rekonstrukcja,No imputation,165|ECL|||Autoformer|||||5
165,An improved self-attention for long-sequence time-series data forecasting with missing values,ECL,,,Autoformer,,,,,5,5.0,0-10%,,RSquare,rekonstrukcja,No imputation,165|ECL|||Autoformer|||||5
165,An improved self-attention for long-sequence time-series data forecasting with missing values,WTH,,,Transformer,,,,,5,5.0,0-10%,,RMSE,rekonstrukcja,Decay attention,165|WTH|||Transformer|||||5
165,An improved self-attention for long-sequence time-series data forecasting with missing values,WTH,,,Transformer,,,,,5,5.0,0-10%,,MAE,rekonstrukcja,Decay attention,165|WTH|||Transformer|||||5
165,An improved self-attention for long-sequence time-series data forecasting with missing values,WTH,,,Transformer,,,,,5,5.0,0-10%,,MSE,rekonstrukcja,Decay attention,165|WTH|||Transformer|||||5
165,An improved self-attention for long-sequence time-series data forecasting with missing values,WTH,,,Transformer,,,,,5,5.0,0-10%,,RSquare,rekonstrukcja,Decay attention,165|WTH|||Transformer|||||5
165,An improved self-attention for long-sequence time-series data forecasting with missing values,WTH,,,Informer,,,,,5,5.0,0-10%,,RMSE,rekonstrukcja,No imputation,165|WTH|||Informer|||||5
165,An improved self-attention for long-sequence time-series data forecasting with missing values,WTH,,,Informer,,,,,5,5.0,0-10%,,MAE,rekonstrukcja,No imputation,165|WTH|||Informer|||||5
165,An improved self-attention for long-sequence time-series data forecasting with missing values,WTH,,,Informer,,,,,5,5.0,0-10%,,MSE,rekonstrukcja,No imputation,165|WTH|||Informer|||||5
165,An improved self-attention for long-sequence time-series data forecasting with missing values,WTH,,,Informer,,,,,5,5.0,0-10%,,RSquare,rekonstrukcja,Decay attention,165|WTH|||Informer|||||5
165,An improved self-attention for long-sequence time-series data forecasting with missing values,WTH,,,Autoformer,,,,,5,5.0,0-10%,,RMSE,rekonstrukcja,Decay attention,165|WTH|||Autoformer|||||5
165,An improved self-attention for long-sequence time-series data forecasting with missing values,WTH,,,Autoformer,,,,,5,5.0,0-10%,,MAE,rekonstrukcja,Decay attention,165|WTH|||Autoformer|||||5
165,An improved self-attention for long-sequence time-series data forecasting with missing values,WTH,,,Autoformer,,,,,5,5.0,0-10%,,MSE,rekonstrukcja,Decay attention,165|WTH|||Autoformer|||||5
165,An improved self-attention for long-sequence time-series data forecasting with missing values,WTH,,,Autoformer,,,,,5,5.0,0-10%,,RSquare,rekonstrukcja,No imputation,165|WTH|||Autoformer|||||5
165,An improved self-attention for long-sequence time-series data forecasting with missing values,Exchange Rate,,,Transformer,,,,,5,5.0,0-10%,,RMSE,rekonstrukcja,Decay attention,165|Exchange Rate|||Transformer|||||5
165,An improved self-attention for long-sequence time-series data forecasting with missing values,Exchange Rate,,,Transformer,,,,,5,5.0,0-10%,,MAE,rekonstrukcja,Decay attention,165|Exchange Rate|||Transformer|||||5
165,An improved self-attention for long-sequence time-series data forecasting with missing values,Exchange Rate,,,Transformer,,,,,5,5.0,0-10%,,MSE,rekonstrukcja,Decay attention,165|Exchange Rate|||Transformer|||||5
165,An improved self-attention for long-sequence time-series data forecasting with missing values,Exchange Rate,,,Transformer,,,,,5,5.0,0-10%,,RSquare,rekonstrukcja,Decay attention,165|Exchange Rate|||Transformer|||||5
165,An improved self-attention for long-sequence time-series data forecasting with missing values,Exchange Rate,,,Informer,,,,,5,5.0,0-10%,,RMSE,rekonstrukcja,No imputation,165|Exchange Rate|||Informer|||||5
165,An improved self-attention for long-sequence time-series data forecasting with missing values,Exchange Rate,,,Informer,,,,,5,5.0,0-10%,,MAE,rekonstrukcja,No imputation,165|Exchange Rate|||Informer|||||5
165,An improved self-attention for long-sequence time-series data forecasting with missing values,Exchange Rate,,,Informer,,,,,5,5.0,0-10%,,MSE,rekonstrukcja,No imputation,165|Exchange Rate|||Informer|||||5
165,An improved self-attention for long-sequence time-series data forecasting with missing values,Exchange Rate,,,Informer,,,,,5,5.0,0-10%,,RSquare,rekonstrukcja,No imputation,165|Exchange Rate|||Informer|||||5
165,An improved self-attention for long-sequence time-series data forecasting with missing values,Exchange Rate,,,Autoformer,,,,,5,5.0,0-10%,,RMSE,rekonstrukcja,Decay attention,165|Exchange Rate|||Autoformer|||||5
165,An improved self-attention for long-sequence time-series data forecasting with missing values,Exchange Rate,,,Autoformer,,,,,5,5.0,0-10%,,MAE,rekonstrukcja,No imputation,165|Exchange Rate|||Autoformer|||||5
165,An improved self-attention for long-sequence time-series data forecasting with missing values,Exchange Rate,,,Autoformer,,,,,5,5.0,0-10%,,MSE,rekonstrukcja,No imputation,165|Exchange Rate|||Autoformer|||||5
165,An improved self-attention for long-sequence time-series data forecasting with missing values,Exchange Rate,,,Autoformer,,,,,5,5.0,0-10%,,RSquare,rekonstrukcja,No imputation,165|Exchange Rate|||Autoformer|||||5
165,An improved self-attention for long-sequence time-series data forecasting with missing values,Influenza-Like Illness,,,Transformer,,,,,5,5.0,0-10%,,RMSE,rekonstrukcja,Decay attention,165|Influenza-Like Illness|||Transformer|||||5
165,An improved self-attention for long-sequence time-series data forecasting with missing values,Influenza-Like Illness,,,Transformer,,,,,5,5.0,0-10%,,MAE,rekonstrukcja,Decay attention,165|Influenza-Like Illness|||Transformer|||||5
165,An improved self-attention for long-sequence time-series data forecasting with missing values,Influenza-Like Illness,,,Transformer,,,,,5,5.0,0-10%,,MSE,rekonstrukcja,Decay attention,165|Influenza-Like Illness|||Transformer|||||5
165,An improved self-attention for long-sequence time-series data forecasting with missing values,Influenza-Like Illness,,,Transformer,,,,,5,5.0,0-10%,,RSquare,rekonstrukcja,Decay attention,165|Influenza-Like Illness|||Transformer|||||5
165,An improved self-attention for long-sequence time-series data forecasting with missing values,Influenza-Like Illness,,,Informer,,,,,5,5.0,0-10%,,RMSE,rekonstrukcja,Decay attention,165|Influenza-Like Illness|||Informer|||||5
165,An improved self-attention for long-sequence time-series data forecasting with missing values,Influenza-Like Illness,,,Informer,,,,,5,5.0,0-10%,,MAE,rekonstrukcja,Decay attention,165|Influenza-Like Illness|||Informer|||||5
165,An improved self-attention for long-sequence time-series data forecasting with missing values,Influenza-Like Illness,,,Informer,,,,,5,5.0,0-10%,,MSE,rekonstrukcja,Decay attention,165|Influenza-Like Illness|||Informer|||||5
165,An improved self-attention for long-sequence time-series data forecasting with missing values,Influenza-Like Illness,,,Informer,,,,,5,5.0,0-10%,,RSquare,rekonstrukcja,Decay attention,165|Influenza-Like Illness|||Informer|||||5
165,An improved self-attention for long-sequence time-series data forecasting with missing values,Influenza-Like Illness,,,Autoformer,,,,,5,5.0,0-10%,,RMSE,rekonstrukcja,Decay attention,165|Influenza-Like Illness|||Autoformer|||||5
165,An improved self-attention for long-sequence time-series data forecasting with missing values,Influenza-Like Illness,,,Autoformer,,,,,5,5.0,0-10%,,MAE,rekonstrukcja,Decay attention,165|Influenza-Like Illness|||Autoformer|||||5
165,An improved self-attention for long-sequence time-series data forecasting with missing values,Influenza-Like Illness,,,Autoformer,,,,,5,5.0,0-10%,,MSE,rekonstrukcja,Decay attention,165|Influenza-Like Illness|||Autoformer|||||5
165,An improved self-attention for long-sequence time-series data forecasting with missing values,Influenza-Like Illness,,,Autoformer,,,,,5,5.0,0-10%,,RSquare,rekonstrukcja,No imputation,165|Influenza-Like Illness|||Autoformer|||||5
283,Forward and backward forecasting ensembles for the estimation of time series missing data,NN3,,,FFNN,,,,,10,10.0,10-20%,,SMAPE,rekonstrukcja,Ensemble (Forward + Backward),283|NN3|||FFNN|||||10
283,Forward and backward forecasting ensembles for the estimation of time series missing data,NN3,,,FFNN,,,,,20,20.0,20-30%,,SMAPE,rekonstrukcja,Ensemble (Forward + Backward),283|NN3|||FFNN|||||20
283,Forward and backward forecasting ensembles for the estimation of time series missing data,NN3,,,FFNN,,,,,30,30.0,30-40%,,SMAPE,rekonstrukcja,Ensemble (Forward + Backward),283|NN3|||FFNN|||||30
283,Forward and backward forecasting ensembles for the estimation of time series missing data,NN3,,,FFNN,,,,,40,40.0,40-50%,,SMAPE,rekonstrukcja,Ensemble (Forward + Backward),283|NN3|||FFNN|||||40
283,Forward and backward forecasting ensembles for the estimation of time series missing data,M3,,,FFNN,,,,,10,10.0,10-20%,,SMAPE,rekonstrukcja,Ensemble (Forward + Backward),283|M3|||FFNN|||||10
283,Forward and backward forecasting ensembles for the estimation of time series missing data,M3,,,FFNN,,,,,20,20.0,20-30%,,SMAPE,rekonstrukcja,Ensemble (Forward + Backward),283|M3|||FFNN|||||20
283,Forward and backward forecasting ensembles for the estimation of time series missing data,M3,,,FFNN,,,,,30,30.0,30-40%,,SMAPE,rekonstrukcja,Ensemble (Forward + Backward),283|M3|||FFNN|||||30
283,Forward and backward forecasting ensembles for the estimation of time series missing data,M3,,,FFNN,,,,,40,40.0,40-50%,,SMAPE,rekonstrukcja,Ensemble (Forward + Backward),283|M3|||FFNN|||||40
283,Forward and backward forecasting ensembles for the estimation of time series missing data,NN3,,,Holt's Expotential Smoothing,,,,,10,10.0,10-20%,,SMAPE,rekonstrukcja,Ensemble (Forward + Backward),283|NN3|||Holt's Expotential Smoothing|||||10
283,Forward and backward forecasting ensembles for the estimation of time series missing data,NN3,,,Holt's Expotential Smoothing,,,,,20,20.0,20-30%,,SMAPE,rekonstrukcja,Ensemble (Forward + Backward),283|NN3|||Holt's Expotential Smoothing|||||20
283,Forward and backward forecasting ensembles for the estimation of time series missing data,NN3,,,Holt's Expotential Smoothing,,,,,30,30.0,30-40%,,SMAPE,rekonstrukcja,Ensemble (Forward + Backward),283|NN3|||Holt's Expotential Smoothing|||||30
283,Forward and backward forecasting ensembles for the estimation of time series missing data,NN3,,,Holt's Expotential Smoothing,,,,,40,40.0,40-50%,,SMAPE,rekonstrukcja,Ensemble (Forward + Backward),283|NN3|||Holt's Expotential Smoothing|||||40
283,Forward and backward forecasting ensembles for the estimation of time series missing data,M3,,,Holt's Expotential Smoothing,,,,,10,10.0,10-20%,,SMAPE,rekonstrukcja,Ensemble (Forward + Backward),283|M3|||Holt's Expotential Smoothing|||||10
283,Forward and backward forecasting ensembles for the estimation of time series missing data,M3,,,Holt's Expotential Smoothing,,,,,20,20.0,20-30%,,SMAPE,rekonstrukcja,Ensemble (Forward + Backward),283|M3|||Holt's Expotential Smoothing|||||20
283,Forward and backward forecasting ensembles for the estimation of time series missing data,M3,,,Holt's Expotential Smoothing,,,,,30,30.0,30-40%,,SMAPE,rekonstrukcja,Ensemble (Forward + Backward),283|M3|||Holt's Expotential Smoothing|||||30
283,Forward and backward forecasting ensembles for the estimation of time series missing data,M3,,,Holt's Expotential Smoothing,,,,,40,40.0,40-50%,,SMAPE,rekonstrukcja,Ensemble (Forward + Backward),283|M3|||Holt's Expotential Smoothing|||||40
283,Forward and backward forecasting ensembles for the estimation of time series missing data,NN3,,,MA,,,,,10,10.0,10-20%,,SMAPE,rekonstrukcja,Ensemble (Forward + Backward),283|NN3|||MA|||||10
283,Forward and backward forecasting ensembles for the estimation of time series missing data,NN3,,,MA,,,,,20,20.0,20-30%,,SMAPE,rekonstrukcja,Ensemble (Forward + Backward),283|NN3|||MA|||||20
283,Forward and backward forecasting ensembles for the estimation of time series missing data,NN3,,,MA,,,,,30,30.0,30-40%,,SMAPE,rekonstrukcja,Ensemble (Forward + Backward),283|NN3|||MA|||||30
283,Forward and backward forecasting ensembles for the estimation of time series missing data,NN3,,,MA,,,,,40,40.0,40-50%,,SMAPE,rekonstrukcja,Ensemble (Forward + Backward),283|NN3|||MA|||||40
283,Forward and backward forecasting ensembles for the estimation of time series missing data,M3,,,MA,,,,,10,10.0,10-20%,,SMAPE,rekonstrukcja,Ensemble (Forward + Backward),283|M3|||MA|||||10
283,Forward and backward forecasting ensembles for the estimation of time series missing data,M3,,,MA,,,,,20,20.0,20-30%,,SMAPE,rekonstrukcja,Ensemble (Forward + Backward),283|M3|||MA|||||20
283,Forward and backward forecasting ensembles for the estimation of time series missing data,M3,,,MA,,,,,30,30.0,30-40%,,SMAPE,rekonstrukcja,Ensemble (Forward + Backward),283|M3|||MA|||||30
283,Forward and backward forecasting ensembles for the estimation of time series missing data,M3,,,MA,,,,,40,40.0,40-50%,,SMAPE,rekonstrukcja,Ensemble (Forward + Backward),283|M3|||MA|||||40
284,Period-aware content attention RNNs for time series forecasting with missing values,PSE(Polish Electricity),,,RNN,,,,,5,5.0,0-10%,,SMAPE,rekonstrukcja,PI - mi,284|PSE(Polish Electricity)|||RNN|||||5
284,Period-aware content attention RNNs for time series forecasting with missing values,PSE(Polish Electricity),,,RNN,,,,,10,10.0,10-20%,,SMAPE,rekonstrukcja,pi - mi,284|PSE(Polish Electricity)|||RNN|||||10
284,Period-aware content attention RNNs for time series forecasting with missing values,PSE(Polish Electricity),,,RNN,,,,,15,15.0,10-20%,,SMAPE,rekonstrukcja,PI - mi,284|PSE(Polish Electricity)|||RNN|||||15
284,Period-aware content attention RNNs for time series forecasting with missing values,PSE(Polish Electricity),,,RNN,,,,,20,20.0,20-30%,,SMAPE,rekonstrukcja,pi - mi,284|PSE(Polish Electricity)|||RNN|||||20
284,Period-aware content attention RNNs for time series forecasting with missing values,PSE(Polish Electricity),,,RNN,,,,,30,30.0,30-40%,,SMAPE,rekonstrukcja,pi - mi,284|PSE(Polish Electricity)|||RNN|||||30
284,Period-aware content attention RNNs for time series forecasting with missing values,PSE(Polish Electricity),,,RNN,,,,,40,40.0,40-50%,,SMAPE,rekonstrukcja,PI - M,284|PSE(Polish Electricity)|||RNN|||||40
284,Period-aware content attention RNNs for time series forecasting with missing values,PW (Polish Weather),,,RNN,,,,,5,5.0,0-10%,,SMAPE,rekonstrukcja,pi (pisane ma?ym symbolem),284|PW (Polish Weather)|||RNN|||||5
284,Period-aware content attention RNNs for time series forecasting with missing values,PW (Polish Weather),,,RNN,,,,,10,10.0,10-20%,,SMAPE,rekonstrukcja,pi (pisane ma?ym symbolem),284|PW (Polish Weather)|||RNN|||||10
284,Period-aware content attention RNNs for time series forecasting with missing values,PW (Polish Weather),,,RNN,,,,,15,15.0,10-20%,,SMAPE,rekonstrukcja,pi - mi,284|PW (Polish Weather)|||RNN|||||15
284,Period-aware content attention RNNs for time series forecasting with missing values,PW (Polish Weather),,,RNN,,,,,20,20.0,20-30%,,SMAPE,rekonstrukcja,PI - M,284|PW (Polish Weather)|||RNN|||||20
284,Period-aware content attention RNNs for time series forecasting with missing values,PW (Polish Weather),,,RNN,,,,,30,30.0,30-40%,,SMAPE,rekonstrukcja,pi - M,284|PW (Polish Weather)|||RNN|||||30
284,Period-aware content attention RNNs for time series forecasting with missing values,PW (Polish Weather),,,RNN,,,,,40,40.0,40-50%,,SMAPE,rekonstrukcja,pi (pisane ma?ym symbolem),284|PW (Polish Weather)|||RNN|||||40
284,Period-aware content attention RNNs for time series forecasting with missing values,AQ : Air Quality,,,RNN,,,,,30,30.0,30-40%,,SMAPE,rekonstrukcja,PI - mi,284|AQ : Air Quality|||RNN|||||30
284,Period-aware content attention RNNs for time series forecasting with missing values,AQ : Air Quality,,,RNN,,,,,30,30.0,30-40%,,MSE,rekonstrukcja,PI^m-mi/M,284|AQ : Air Quality|||RNN|||||30
284,Period-aware content attention RNNs for time series forecasting with missing values,AQ : Air Quality,,,RNN,,,,,40,40.0,40-50%,,SMAPE,rekonstrukcja,pi - mi,284|AQ : Air Quality|||RNN|||||40
284,Period-aware content attention RNNs for time series forecasting with missing values,AQ : Air Quality,,,RNN,,,,,40,40.0,40-50%,,MSE,rekonstrukcja,PI^m-mi/M,284|AQ : Air Quality|||RNN|||||40
284,Period-aware content attention RNNs for time series forecasting with missing values,AQ : Air Quality,,,RNN,,,,,40,40.0,40-50%,,MSE,rekonstrukcja,PI^m,284|AQ : Air Quality|||RNN|||||40
284,Period-aware content attention RNNs for time series forecasting with missing values,AEP : Appliances Energy Prediction,,,RNN,,,,,5,5.0,0-10%,,SMAPE,rekonstrukcja,PI - M,284|AEP : Appliances Energy Prediction|||RNN|||||5
284,Period-aware content attention RNNs for time series forecasting with missing values,AEP : Appliances Energy Prediction,,,RNN,,,,,5,5.0,0-10%,,MSE,rekonstrukcja,PI^m-mi/M,284|AEP : Appliances Energy Prediction|||RNN|||||5
284,Period-aware content attention RNNs for time series forecasting with missing values,AEP : Appliances Energy Prediction,,,RNN,,,,,10,10.0,10-20%,,SMAPE,rekonstrukcja,pi - M,284|AEP : Appliances Energy Prediction|||RNN|||||10
284,Period-aware content attention RNNs for time series forecasting with missing values,AEP : Appliances Energy Prediction,,,RNN,,,,,10,10.0,10-20%,,MSE,rekonstrukcja,PI^m-mi/M,284|AEP : Appliances Energy Prediction|||RNN|||||10
284,Period-aware content attention RNNs for time series forecasting with missing values,AEP : Appliances Energy Prediction,,,RNN,,,,,15,15.0,10-20%,,SMAPE,rekonstrukcja,Standard attention mechanism,284|AEP : Appliances Energy Prediction|||RNN|||||15
284,Period-aware content attention RNNs for time series forecasting with missing values,AEP : Appliances Energy Prediction,,,RNN,,,,,15,15.0,10-20%,,MSE,rekonstrukcja,Standard attention mechanism,284|AEP : Appliances Energy Prediction|||RNN|||||15
284,Period-aware content attention RNNs for time series forecasting with missing values,AEP : Appliances Energy Prediction,,,RNN,,,,,20,20.0,20-30%,,SMAPE,rekonstrukcja,Standard attention mechanism,284|AEP : Appliances Energy Prediction|||RNN|||||20
284,Period-aware content attention RNNs for time series forecasting with missing values,AEP : Appliances Energy Prediction,,,RNN,,,,,20,20.0,20-30%,,MSE,rekonstrukcja,Standard attention mechanism,284|AEP : Appliances Energy Prediction|||RNN|||||20
284,Period-aware content attention RNNs for time series forecasting with missing values,AEP : Appliances Energy Prediction,,,RNN,,,,,30,30.0,30-40%,,SMAPE,rekonstrukcja,Standard attention mechanism,284|AEP : Appliances Energy Prediction|||RNN|||||30
284,Period-aware content attention RNNs for time series forecasting with missing values,AEP : Appliances Energy Prediction,,,RNN,,,,,30,30.0,30-40%,,MSE,rekonstrukcja,Standard attention mechanism,284|AEP : Appliances Energy Prediction|||RNN|||||30
284,Period-aware content attention RNNs for time series forecasting with missing values,AEP : Appliances Energy Prediction,,,RNN,,,,,40,40.0,40-50%,,SMAPE,rekonstrukcja,pi - mi,284|AEP : Appliances Energy Prediction|||RNN|||||40
284,Period-aware content attention RNNs for time series forecasting with missing values,AEP : Appliances Energy Prediction,,,RNN,,,,,40,40.0,40-50%,,MSE,rekonstrukcja,PI^m-mi/M,284|AEP : Appliances Energy Prediction|||RNN|||||40
284,Period-aware content attention RNNs for time series forecasting with missing values,OLD : Ozone Level Detection,,,RNN,,,,,5,5.0,0-10%,,SMAPE,rekonstrukcja,pi (pisane ma?ym symbolem),284|OLD : Ozone Level Detection|||RNN|||||5
284,Period-aware content attention RNNs for time series forecasting with missing values,OLD : Ozone Level Detection,,,RNN,,,,,5,5.0,0-10%,,MSE,rekonstrukcja,PI^m-mi/M,284|OLD : Ozone Level Detection|||RNN|||||5
284,Period-aware content attention RNNs for time series forecasting with missing values,OLD : Ozone Level Detection,,,RNN,,,,,10,10.0,10-20%,,SMAPE,rekonstrukcja,PI (pisane wielkim symbolem),284|OLD : Ozone Level Detection|||RNN|||||10
284,Period-aware content attention RNNs for time series forecasting with missing values,OLD : Ozone Level Detection,,,RNN,,,,,10,10.0,10-20%,,MSE,rekonstrukcja,PI^m-mi/M,284|OLD : Ozone Level Detection|||RNN|||||10
284,Period-aware content attention RNNs for time series forecasting with missing values,OLD : Ozone Level Detection,,,RNN,,,,,15,15.0,10-20%,,SMAPE,rekonstrukcja,PI (pisane wielkim symbolem),284|OLD : Ozone Level Detection|||RNN|||||15
284,Period-aware content attention RNNs for time series forecasting with missing values,OLD : Ozone Level Detection,,,RNN,,,,,15,15.0,10-20%,,MSE,rekonstrukcja,Standard attention mechanism,284|OLD : Ozone Level Detection|||RNN|||||15
284,Period-aware content attention RNNs for time series forecasting with missing values,OLD : Ozone Level Detection,,,RNN,,,,,20,20.0,20-30%,,SMAPE,rekonstrukcja,PI (pisane wielkim symbolem),284|OLD : Ozone Level Detection|||RNN|||||20
284,Period-aware content attention RNNs for time series forecasting with missing values,OLD : Ozone Level Detection,,,RNN,,,,,20,20.0,20-30%,,MSE,rekonstrukcja,PI^m,284|OLD : Ozone Level Detection|||RNN|||||20
284,Period-aware content attention RNNs for time series forecasting with missing values,OLD : Ozone Level Detection,,,RNN,,,,,30,30.0,30-40%,,SMAPE,rekonstrukcja,PI (pisane wielkim symbolem),284|OLD : Ozone Level Detection|||RNN|||||30
284,Period-aware content attention RNNs for time series forecasting with missing values,OLD : Ozone Level Detection,,,RNN,,,,,30,30.0,30-40%,,MSE,rekonstrukcja,PI^m-mi/M,284|OLD : Ozone Level Detection|||RNN|||||30
284,Period-aware content attention RNNs for time series forecasting with missing values,OLD : Ozone Level Detection,,,RNN,,,,,40,40.0,40-50%,,SMAPE,rekonstrukcja,PI - M,284|OLD : Ozone Level Detection|||RNN|||||40
284,Period-aware content attention RNNs for time series forecasting with missing values,OLD : Ozone Level Detection,,,RNN,,,,,40,40.0,40-50%,,MSE,rekonstrukcja,PI^m-mi/M,284|OLD : Ozone Level Detection|||RNN|||||40
284,Period-aware content attention RNNs for time series forecasting with missing values,NAB (Numenta Anomaly Benchmark),,,RNN,,,,,5,5.0,0-10%,,SMAPE,rekonstrukcja,PI - mi,284|NAB (Numenta Anomaly Benchmark)|||RNN|||||5
284,Period-aware content attention RNNs for time series forecasting with missing values,NAB (Numenta Anomaly Benchmark),,,RNN,,,,,10,10.0,10-20%,,SMAPE,rekonstrukcja,pi - M,284|NAB (Numenta Anomaly Benchmark)|||RNN|||||10
284,Period-aware content attention RNNs for time series forecasting with missing values,NAB (Numenta Anomaly Benchmark),,,RNN,,,,,15,15.0,10-20%,,SMAPE,rekonstrukcja,pi - M,284|NAB (Numenta Anomaly Benchmark)|||RNN|||||15
284,Period-aware content attention RNNs for time series forecasting with missing values,NAB (Numenta Anomaly Benchmark),,,RNN,,,,,20,20.0,20-30%,,SMAPE,rekonstrukcja,Standard attention mechanism,284|NAB (Numenta Anomaly Benchmark)|||RNN|||||20
284,Period-aware content attention RNNs for time series forecasting with missing values,NAB (Numenta Anomaly Benchmark),,,RNN,,,,,30,30.0,30-40%,,SMAPE,rekonstrukcja,pi - M,284|NAB (Numenta Anomaly Benchmark)|||RNN|||||30
284,Period-aware content attention RNNs for time series forecasting with missing values,NAB (Numenta Anomaly Benchmark),,,RNN,,,,,40,40.0,40-50%,,SMAPE,rekonstrukcja,pi - mi,284|NAB (Numenta Anomaly Benchmark)|||RNN|||||40
285,Using forecast modelling to evaluate treatment effects in single-group interrupted time series analysis,ENR,,,ARIMA,,,,,,,nieznany,brak_wartosci,MAPE,rekonstrukcja,ARIMA,285|ENR|||ARIMA|||||
285,Using forecast modelling to evaluate treatment effects in single-group interrupted time series analysis,ENR,,,ARIMA,,,,,,,nieznany,brak_wartosci,MAD,rekonstrukcja,ARIMA,285|ENR|||ARIMA|||||
285,Using forecast modelling to evaluate treatment effects in single-group interrupted time series analysis,ENR,,,ARIMA,,,,,,,nieznany,brak_wartosci,BIC,rekonstrukcja,ARIMA,285|ENR|||ARIMA|||||
285,Using forecast modelling to evaluate treatment effects in single-group interrupted time series analysis,ENR,,,Holt-Winters,,,,,,,nieznany,brak_wartosci,MAPE,rekonstrukcja,Holt-Winters,285|ENR|||Holt-Winters|||||
285,Using forecast modelling to evaluate treatment effects in single-group interrupted time series analysis,ENR,,,Holt-Winters,,,,,,,nieznany,brak_wartosci,MAD,rekonstrukcja,Holt-Winters,285|ENR|||Holt-Winters|||||
285,Using forecast modelling to evaluate treatment effects in single-group interrupted time series analysis,ENR,,,Holt-Winters,,,,,,,nieznany,brak_wartosci,BIC,rekonstrukcja,Holt-Winters,285|ENR|||Holt-Winters|||||
286,Forecasting Construction Cost Index Using Interrupted Time-Series,California'a Proposition 99,,,ARIMA (Interrupted ARIMA),,,,,,,nieznany,brak_wartosci,RMSE,rekonstrukcja,Intervension Analysis,286|California'a Proposition 99|||ARIMA (Interrupted ARIMA)|||||
286,Forecasting Construction Cost Index Using Interrupted Time-Series,California'a Proposition 99,,,ARIMA (Interrupted ARIMA),,,,,,,nieznany,brak_wartosci,MAPE,rekonstrukcja,Intervension Analysis,286|California'a Proposition 99|||ARIMA (Interrupted ARIMA)|||||
286,Forecasting Construction Cost Index Using Interrupted Time-Series,California'a Proposition 99,,,ARIMA (Interrupted ARIMA),,,,,,,nieznany,brak_wartosci,MAE,rekonstrukcja,Intervension Analysis,286|California'a Proposition 99|||ARIMA (Interrupted ARIMA)|||||
297,Forecasting etimated missing time series data,ASE,,,ARIMA,,,,,not given,,nieznany,nienumeryczna_wartosc,RMSE,rekonstrukcja,ARIMA with Filtering,297|ASE|||ARIMA|||||not given
297,Forecasting etimated missing time series data,ASE,,,ARIMA,,,,,not given,,nieznany,nienumeryczna_wartosc,MSE,rekonstrukcja,ARIMA with Filtering,297|ASE|||ARIMA|||||not given
300,Online time series prediction with missing data,Generated,,,Setting 1 (sanity check),,,,,10%,,nieznany,nienumeryczna_wartosc,MSE,rekonstrukcja,ARLSimpute,300|Generated|||Setting 1 (sanity check)|||||10%
300,Online time series prediction with missing data,Generated,,,Setting 1 (sanity check),,,,,20%,,nieznany,nienumeryczna_wartosc,MSE,rekonstrukcja,EM (Kalman Filter),300|Generated|||Setting 1 (sanity check)|||||20%
300,Online time series prediction with missing data,Generated,,,AR mixture,,,,,10%,,nieznany,nienumeryczna_wartosc,MSE,rekonstrukcja,Author's algorithm,300|Generated|||AR mixture|||||10%
300,Online time series prediction with missing data,Generated,,,AR mixture,,,,,20%,,nieznany,nienumeryczna_wartosc,MSE,rekonstrukcja,EM (Kalman Filter),300|Generated|||AR mixture|||||20%
300,Online time series prediction with missing data,Generated,,,heteroscedasticity,,,,,10%,,nieznany,nienumeryczna_wartosc,MSE,rekonstrukcja,Author's Algorithm,300|Generated|||heteroscedasticity|||||10%
300,Online time series prediction with missing data,Generated,,,heteroscedasticity,,,,,20%,,nieznany,nienumeryczna_wartosc,MSE,rekonstrukcja,Author's Algorithm,300|Generated|||heteroscedasticity|||||20%
302,Improvement of forecasting robustness of time series model for thermal error on CNC machine tool,,,,,,,,,,,nieznany,brak_wartosci,RMSE,rekonstrukcja,ALIX,302|||||||||
302,Improvement of forecasting robustness of time series model for thermal error on CNC machine tool,,,,,,,,,,,nieznany,brak_wartosci,MSD,rekonstrukcja,ALIX,302|||||||||
302,Improvement of forecasting robustness of time series model for thermal error on CNC machine tool,,,,,,,,,,,nieznany,brak_wartosci,Maximum Absolute Error,rekonstrukcja,ALIX,302|||||||||
372,Missing data and forecasting in multivariate time series: An application of the common components dynamic linear model,,,,,,,,,,,nieznany,brak_wartosci,RMSE,rekonstrukcja,DLMCC,372|||||||||
372,Missing data and forecasting in multivariate time series: An application of the common components dynamic linear model,,,,,,,,,,,nieznany,brak_wartosci,MSE,rekonstrukcja,DLMCC,372|||||||||
372,Missing data and forecasting in multivariate time series: An application of the common components dynamic linear model,,,,,,,,,,,nieznany,brak_wartosci,MAD,rekonstrukcja,DLMCC,372|||||||||
372,Missing data and forecasting in multivariate time series: An application of the common components dynamic linear model,,,,,,,,,,,nieznany,brak_wartosci,Log-likelihood,rekonstrukcja,DLMCC,372|||||||||
372,Missing data and forecasting in multivariate time series: An application of the common components dynamic linear model,,,,,,,,,,,nieznany,brak_wartosci,Log-likelihood ratio,rekonstrukcja,DLMCC,372|||||||||
76,An Efficient Missing Data Prediction Method Based on Kronecker Compressive Sensing in Multivariable Time Series,Motes,,,Not specified,,,,,50,50.0,50-60%,,RMSE,rekonstrukcja,SBL,76|Motes|||Not specified|||||50
76,An Efficient Missing Data Prediction Method Based on Kronecker Compressive Sensing in Multivariable Time Series,Motes,,,Not specified,,,,,80,80.0,80-90%,,RMSE,rekonstrukcja,SBL,76|Motes|||Not specified|||||80
76,An Efficient Missing Data Prediction Method Based on Kronecker Compressive Sensing in Multivariable Time Series,Motes,,,Not specified,,,,,90,90.0,90-100%,,RMSE,rekonstrukcja,SBL,76|Motes|||Not specified|||||90
76,An Efficient Missing Data Prediction Method Based on Kronecker Compressive Sensing in Multivariable Time Series,Motes,,,Not specified,,,,,95,95.0,90-100%,,RMSE,rekonstrukcja,SBL,76|Motes|||Not specified|||||95
76,An Efficient Missing Data Prediction Method Based on Kronecker Compressive Sensing in Multivariable Time Series,GSA,,,Not specified,,,,,50,50.0,50-60%,,RMSE,rekonstrukcja,SBL,76|GSA|||Not specified|||||50
76,An Efficient Missing Data Prediction Method Based on Kronecker Compressive Sensing in Multivariable Time Series,GSA,,,Not specified,,,,,80,80.0,80-90%,,RMSE,rekonstrukcja,SBL,76|GSA|||Not specified|||||80
76,An Efficient Missing Data Prediction Method Based on Kronecker Compressive Sensing in Multivariable Time Series,GSA,,,Not specified,,,,,90,90.0,90-100%,,RMSE,rekonstrukcja,SBL,76|GSA|||Not specified|||||90
76,An Efficient Missing Data Prediction Method Based on Kronecker Compressive Sensing in Multivariable Time Series,GSA,,,Not specified,,,,,95,95.0,90-100%,,RMSE,rekonstrukcja,SBL,76|GSA|||Not specified|||||95
76,An Efficient Missing Data Prediction Method Based on Kronecker Compressive Sensing in Multivariable Time Series,Sea-Surface Temperature,,,Not specified,,,,,50,50.0,50-60%,,RMSE,rekonstrukcja,SBL,76|Sea-Surface Temperature|||Not specified|||||50
76,An Efficient Missing Data Prediction Method Based on Kronecker Compressive Sensing in Multivariable Time Series,Sea-Surface Temperature,,,Not specified,,,,,80,80.0,80-90%,,RMSE,rekonstrukcja,SBL,76|Sea-Surface Temperature|||Not specified|||||80
76,An Efficient Missing Data Prediction Method Based on Kronecker Compressive Sensing in Multivariable Time Series,Sea-Surface Temperature,,,Not specified,,,,,90,90.0,90-100%,,RMSE,rekonstrukcja,SBL,76|Sea-Surface Temperature|||Not specified|||||90
76,An Efficient Missing Data Prediction Method Based on Kronecker Compressive Sensing in Multivariable Time Series,Sea-Surface Temperature,,,Not specified,,,,,95,95.0,90-100%,,RMSE,rekonstrukcja,SBL,76|Sea-Surface Temperature|||Not specified|||||95
126,Reconstructing Missing Variables for Multivariate Time Series Forecasting via Conditional Generative Flows,METR-LA,,,MTGNN,,,,,5,5.0,0-10%,,RMSE,rekonstrukcja,TRF,126|METR-LA|||MTGNN|||||5
126,Reconstructing Missing Variables for Multivariate Time Series Forecasting via Conditional Generative Flows,METR-LA,,,MTGNN,,,,,5,5.0,0-10%,,MAE,rekonstrukcja,TRF,126|METR-LA|||MTGNN|||||5
126,Reconstructing Missing Variables for Multivariate Time Series Forecasting via Conditional Generative Flows,METR-LA,,,MTGNN,,,,,15,15.0,10-20%,,RMSE,rekonstrukcja,TRF,126|METR-LA|||MTGNN|||||15
126,Reconstructing Missing Variables for Multivariate Time Series Forecasting via Conditional Generative Flows,METR-LA,,,MTGNN,,,,,15,15.0,10-20%,,MAE,rekonstrukcja,TRF,126|METR-LA|||MTGNN|||||15
126,Reconstructing Missing Variables for Multivariate Time Series Forecasting via Conditional Generative Flows,METR-LA,,,MTGNN,,,,,25,25.0,20-30%,,RMSE,rekonstrukcja,TRF,126|METR-LA|||MTGNN|||||25
126,Reconstructing Missing Variables for Multivariate Time Series Forecasting via Conditional Generative Flows,METR-LA,,,MTGNN,,,,,25,25.0,20-30%,,MAE,rekonstrukcja,TRF,126|METR-LA|||MTGNN|||||25
126,Reconstructing Missing Variables for Multivariate Time Series Forecasting via Conditional Generative Flows,solar,,,MTGNN,,,,,5,5.0,0-10%,,RMSE,rekonstrukcja,TRF,126|solar|||MTGNN|||||5
126,Reconstructing Missing Variables for Multivariate Time Series Forecasting via Conditional Generative Flows,solar,,,MTGNN,,,,,5,5.0,0-10%,,MAE,rekonstrukcja,TRF,126|solar|||MTGNN|||||5
126,Reconstructing Missing Variables for Multivariate Time Series Forecasting via Conditional Generative Flows,solar,,,MTGNN,,,,,15,15.0,10-20%,,RMSE,rekonstrukcja,TRF,126|solar|||MTGNN|||||15
126,Reconstructing Missing Variables for Multivariate Time Series Forecasting via Conditional Generative Flows,solar,,,MTGNN,,,,,15,15.0,10-20%,,MAE,rekonstrukcja,TRF,126|solar|||MTGNN|||||15
126,Reconstructing Missing Variables for Multivariate Time Series Forecasting via Conditional Generative Flows,solar,,,MTGNN,,,,,25,25.0,20-30%,,RMSE,rekonstrukcja,TRF,126|solar|||MTGNN|||||25
126,Reconstructing Missing Variables for Multivariate Time Series Forecasting via Conditional Generative Flows,solar,,,MTGNN,,,,,25,25.0,20-30%,,MAE,rekonstrukcja,TRF,126|solar|||MTGNN|||||25
126,Reconstructing Missing Variables for Multivariate Time Series Forecasting via Conditional Generative Flows,traffic,,,MTGNN,,,,,5,5.0,0-10%,,RMSE,rekonstrukcja,TRF,126|traffic|||MTGNN|||||5
126,Reconstructing Missing Variables for Multivariate Time Series Forecasting via Conditional Generative Flows,traffic,,,MTGNN,,,,,5,5.0,0-10%,,MAE,rekonstrukcja,TRF,126|traffic|||MTGNN|||||5
126,Reconstructing Missing Variables for Multivariate Time Series Forecasting via Conditional Generative Flows,traffic,,,MTGNN,,,,,15,15.0,10-20%,,RMSE,rekonstrukcja,TRF,126|traffic|||MTGNN|||||15
126,Reconstructing Missing Variables for Multivariate Time Series Forecasting via Conditional Generative Flows,traffic,,,MTGNN,,,,,15,15.0,10-20%,,MAE,rekonstrukcja,TRF,126|traffic|||MTGNN|||||15
126,Reconstructing Missing Variables for Multivariate Time Series Forecasting via Conditional Generative Flows,traffic,,,MTGNN,,,,,25,25.0,20-30%,,RMSE,rekonstrukcja,TRF,126|traffic|||MTGNN|||||25
126,Reconstructing Missing Variables for Multivariate Time Series Forecasting via Conditional Generative Flows,traffic,,,MTGNN,,,,,25,25.0,20-30%,,MAE,rekonstrukcja,TRF,126|traffic|||MTGNN|||||25
126,Reconstructing Missing Variables for Multivariate Time Series Forecasting via Conditional Generative Flows,ECG5000,,,MTGNN,,,,,5,5.0,0-10%,,RMSE,rekonstrukcja,TRF,126|ECG5000|||MTGNN|||||5
126,Reconstructing Missing Variables for Multivariate Time Series Forecasting via Conditional Generative Flows,ECG5000,,,MTGNN,,,,,5,5.0,0-10%,,MAE,rekonstrukcja,TRF,126|ECG5000|||MTGNN|||||5
126,Reconstructing Missing Variables for Multivariate Time Series Forecasting via Conditional Generative Flows,ECG5000,,,MTGNN,,,,,15,15.0,10-20%,,RMSE,rekonstrukcja,TRF,126|ECG5000|||MTGNN|||||15
126,Reconstructing Missing Variables for Multivariate Time Series Forecasting via Conditional Generative Flows,ECG5000,,,MTGNN,,,,,15,15.0,10-20%,,MAE,rekonstrukcja,TRF,126|ECG5000|||MTGNN|||||15
126,Reconstructing Missing Variables for Multivariate Time Series Forecasting via Conditional Generative Flows,ECG5000,,,MTGNN,,,,,25,25.0,20-30%,,RMSE,rekonstrukcja,TRF,126|ECG5000|||MTGNN|||||25
126,Reconstructing Missing Variables for Multivariate Time Series Forecasting via Conditional Generative Flows,ECG5000,,,MTGNN,,,,,25,25.0,20-30%,,MAE,rekonstrukcja,TRF,126|ECG5000|||MTGNN|||||25
126,Reconstructing Missing Variables for Multivariate Time Series Forecasting via Conditional Generative Flows,METR-LA,,,ASTGCN,,,,,5,5.0,0-10%,,RMSE,rekonstrukcja,TRF,126|METR-LA|||ASTGCN|||||5
126,Reconstructing Missing Variables for Multivariate Time Series Forecasting via Conditional Generative Flows,METR-LA,,,ASTGCN,,,,,5,5.0,0-10%,,MAE,rekonstrukcja,TRF,126|METR-LA|||ASTGCN|||||5
126,Reconstructing Missing Variables for Multivariate Time Series Forecasting via Conditional Generative Flows,METR-LA,,,ASTGCN,,,,,15,15.0,10-20%,,RMSE,rekonstrukcja,TRF,126|METR-LA|||ASTGCN|||||15
126,Reconstructing Missing Variables for Multivariate Time Series Forecasting via Conditional Generative Flows,METR-LA,,,ASTGCN,,,,,15,15.0,10-20%,,MAE,rekonstrukcja,TRF,126|METR-LA|||ASTGCN|||||15
126,Reconstructing Missing Variables for Multivariate Time Series Forecasting via Conditional Generative Flows,METR-LA,,,ASTGCN,,,,,25,25.0,20-30%,,RMSE,rekonstrukcja,TRF,126|METR-LA|||ASTGCN|||||25
126,Reconstructing Missing Variables for Multivariate Time Series Forecasting via Conditional Generative Flows,METR-LA,,,ASTGCN,,,,,25,25.0,20-30%,,MAE,rekonstrukcja,TRF,126|METR-LA|||ASTGCN|||||25
126,Reconstructing Missing Variables for Multivariate Time Series Forecasting via Conditional Generative Flows,solar,,,ASTGCN,,,,,5,5.0,0-10%,,RMSE,rekonstrukcja,TRF,126|solar|||ASTGCN|||||5
126,Reconstructing Missing Variables for Multivariate Time Series Forecasting via Conditional Generative Flows,solar,,,ASTGCN,,,,,5,5.0,0-10%,,MAE,rekonstrukcja,TRF,126|solar|||ASTGCN|||||5
126,Reconstructing Missing Variables for Multivariate Time Series Forecasting via Conditional Generative Flows,solar,,,ASTGCN,,,,,15,15.0,10-20%,,RMSE,rekonstrukcja,TRF,126|solar|||ASTGCN|||||15
126,Reconstructing Missing Variables for Multivariate Time Series Forecasting via Conditional Generative Flows,solar,,,ASTGCN,,,,,15,15.0,10-20%,,MAE,rekonstrukcja,TRF,126|solar|||ASTGCN|||||15
126,Reconstructing Missing Variables for Multivariate Time Series Forecasting via Conditional Generative Flows,solar,,,ASTGCN,,,,,25,25.0,20-30%,,RMSE,rekonstrukcja,TRF,126|solar|||ASTGCN|||||25
126,Reconstructing Missing Variables for Multivariate Time Series Forecasting via Conditional Generative Flows,solar,,,ASTGCN,,,,,25,25.0,20-30%,,MAE,rekonstrukcja,TRF,126|solar|||ASTGCN|||||25
126,Reconstructing Missing Variables for Multivariate Time Series Forecasting via Conditional Generative Flows,traffic,,,ASTGCN,,,,,5,5.0,0-10%,,RMSE,rekonstrukcja,TRF,126|traffic|||ASTGCN|||||5
126,Reconstructing Missing Variables for Multivariate Time Series Forecasting via Conditional Generative Flows,traffic,,,ASTGCN,,,,,5,5.0,0-10%,,MAE,rekonstrukcja,TRF,126|traffic|||ASTGCN|||||5
126,Reconstructing Missing Variables for Multivariate Time Series Forecasting via Conditional Generative Flows,traffic,,,ASTGCN,,,,,15,15.0,10-20%,,RMSE,rekonstrukcja,TRF,126|traffic|||ASTGCN|||||15
126,Reconstructing Missing Variables for Multivariate Time Series Forecasting via Conditional Generative Flows,traffic,,,ASTGCN,,,,,15,15.0,10-20%,,MAE,rekonstrukcja,TRF,126|traffic|||ASTGCN|||||15
126,Reconstructing Missing Variables for Multivariate Time Series Forecasting via Conditional Generative Flows,traffic,,,ASTGCN,,,,,25,25.0,20-30%,,RMSE,rekonstrukcja,TRF,126|traffic|||ASTGCN|||||25
126,Reconstructing Missing Variables for Multivariate Time Series Forecasting via Conditional Generative Flows,traffic,,,ASTGCN,,,,,25,25.0,20-30%,,MAE,rekonstrukcja,TRF,126|traffic|||ASTGCN|||||25
126,Reconstructing Missing Variables for Multivariate Time Series Forecasting via Conditional Generative Flows,ECG5000,,,ASTGCN,,,,,5,5.0,0-10%,,RMSE,rekonstrukcja,TRF,126|ECG5000|||ASTGCN|||||5
126,Reconstructing Missing Variables for Multivariate Time Series Forecasting via Conditional Generative Flows,ECG5000,,,ASTGCN,,,,,5,5.0,0-10%,,MAE,rekonstrukcja,TRF,126|ECG5000|||ASTGCN|||||5
126,Reconstructing Missing Variables for Multivariate Time Series Forecasting via Conditional Generative Flows,ECG5000,,,ASTGCN,,,,,15,15.0,10-20%,,RMSE,rekonstrukcja,TRF,126|ECG5000|||ASTGCN|||||15
126,Reconstructing Missing Variables for Multivariate Time Series Forecasting via Conditional Generative Flows,ECG5000,,,ASTGCN,,,,,15,15.0,10-20%,,MAE,rekonstrukcja,TRF,126|ECG5000|||ASTGCN|||||15
126,Reconstructing Missing Variables for Multivariate Time Series Forecasting via Conditional Generative Flows,ECG5000,,,ASTGCN,,,,,25,25.0,20-30%,,RMSE,rekonstrukcja,TRF,126|ECG5000|||ASTGCN|||||25
126,Reconstructing Missing Variables for Multivariate Time Series Forecasting via Conditional Generative Flows,ECG5000,,,ASTGCN,,,,,25,25.0,20-30%,,MAE,rekonstrukcja,TRF,126|ECG5000|||ASTGCN|||||25
126,Reconstructing Missing Variables for Multivariate Time Series Forecasting via Conditional Generative Flows,METR-LA,,,T-GCN,,,,,5,5.0,0-10%,,RMSE,rekonstrukcja,TRF,126|METR-LA|||T-GCN|||||5
126,Reconstructing Missing Variables for Multivariate Time Series Forecasting via Conditional Generative Flows,METR-LA,,,T-GCN,,,,,5,5.0,0-10%,,MAE,rekonstrukcja,TRF,126|METR-LA|||T-GCN|||||5
126,Reconstructing Missing Variables for Multivariate Time Series Forecasting via Conditional Generative Flows,METR-LA,,,T-GCN,,,,,15,15.0,10-20%,,RMSE,rekonstrukcja,TRF,126|METR-LA|||T-GCN|||||15
126,Reconstructing Missing Variables for Multivariate Time Series Forecasting via Conditional Generative Flows,METR-LA,,,T-GCN,,,,,15,15.0,10-20%,,MAE,rekonstrukcja,TRF,126|METR-LA|||T-GCN|||||15
126,Reconstructing Missing Variables for Multivariate Time Series Forecasting via Conditional Generative Flows,METR-LA,,,T-GCN,,,,,25,25.0,20-30%,,RMSE,rekonstrukcja,TRF,126|METR-LA|||T-GCN|||||25
126,Reconstructing Missing Variables for Multivariate Time Series Forecasting via Conditional Generative Flows,METR-LA,,,T-GCN,,,,,25,25.0,20-30%,,MAE,rekonstrukcja,TRF,126|METR-LA|||T-GCN|||||25
126,Reconstructing Missing Variables for Multivariate Time Series Forecasting via Conditional Generative Flows,solar,,,T-GCN,,,,,5,5.0,0-10%,,RMSE,rekonstrukcja,TRF,126|solar|||T-GCN|||||5
126,Reconstructing Missing Variables for Multivariate Time Series Forecasting via Conditional Generative Flows,solar,,,T-GCN,,,,,5,5.0,0-10%,,MAE,rekonstrukcja,TRF,126|solar|||T-GCN|||||5
126,Reconstructing Missing Variables for Multivariate Time Series Forecasting via Conditional Generative Flows,solar,,,T-GCN,,,,,15,15.0,10-20%,,RMSE,rekonstrukcja,TRF,126|solar|||T-GCN|||||15
126,Reconstructing Missing Variables for Multivariate Time Series Forecasting via Conditional Generative Flows,solar,,,T-GCN,,,,,15,15.0,10-20%,,MAE,rekonstrukcja,TRF,126|solar|||T-GCN|||||15
126,Reconstructing Missing Variables for Multivariate Time Series Forecasting via Conditional Generative Flows,solar,,,T-GCN,,,,,25,25.0,20-30%,,RMSE,rekonstrukcja,TRF,126|solar|||T-GCN|||||25
126,Reconstructing Missing Variables for Multivariate Time Series Forecasting via Conditional Generative Flows,solar,,,T-GCN,,,,,25,25.0,20-30%,,MAE,rekonstrukcja,TRF,126|solar|||T-GCN|||||25
126,Reconstructing Missing Variables for Multivariate Time Series Forecasting via Conditional Generative Flows,traffic,,,T-GCN,,,,,5,5.0,0-10%,,RMSE,rekonstrukcja,TRF,126|traffic|||T-GCN|||||5
126,Reconstructing Missing Variables for Multivariate Time Series Forecasting via Conditional Generative Flows,traffic,,,T-GCN,,,,,5,5.0,0-10%,,MAE,rekonstrukcja,TRF,126|traffic|||T-GCN|||||5
126,Reconstructing Missing Variables for Multivariate Time Series Forecasting via Conditional Generative Flows,traffic,,,T-GCN,,,,,15,15.0,10-20%,,RMSE,rekonstrukcja,TRF,126|traffic|||T-GCN|||||15
126,Reconstructing Missing Variables for Multivariate Time Series Forecasting via Conditional Generative Flows,traffic,,,T-GCN,,,,,15,15.0,10-20%,,MAE,rekonstrukcja,TRF,126|traffic|||T-GCN|||||15
126,Reconstructing Missing Variables for Multivariate Time Series Forecasting via Conditional Generative Flows,traffic,,,T-GCN,,,,,25,25.0,20-30%,,RMSE,rekonstrukcja,TRF,126|traffic|||T-GCN|||||25
126,Reconstructing Missing Variables for Multivariate Time Series Forecasting via Conditional Generative Flows,traffic,,,T-GCN,,,,,25,25.0,20-30%,,MAE,rekonstrukcja,TRF,126|traffic|||T-GCN|||||25
126,Reconstructing Missing Variables for Multivariate Time Series Forecasting via Conditional Generative Flows,ECG5000,,,T-GCN,,,,,5,5.0,0-10%,,RMSE,rekonstrukcja,TRF,126|ECG5000|||T-GCN|||||5
126,Reconstructing Missing Variables for Multivariate Time Series Forecasting via Conditional Generative Flows,ECG5000,,,T-GCN,,,,,5,5.0,0-10%,,MAE,rekonstrukcja,TRF,126|ECG5000|||T-GCN|||||5
126,Reconstructing Missing Variables for Multivariate Time Series Forecasting via Conditional Generative Flows,ECG5000,,,T-GCN,,,,,15,15.0,10-20%,,RMSE,rekonstrukcja,TRF,126|ECG5000|||T-GCN|||||15
126,Reconstructing Missing Variables for Multivariate Time Series Forecasting via Conditional Generative Flows,ECG5000,,,T-GCN,,,,,15,15.0,10-20%,,MAE,rekonstrukcja,TRF,126|ECG5000|||T-GCN|||||15
126,Reconstructing Missing Variables for Multivariate Time Series Forecasting via Conditional Generative Flows,ECG5000,,,T-GCN,,,,,25,25.0,20-30%,,RMSE,rekonstrukcja,TRF,126|ECG5000|||T-GCN|||||25
126,Reconstructing Missing Variables for Multivariate Time Series Forecasting via Conditional Generative Flows,ECG5000,,,T-GCN,,,,,25,25.0,20-30%,,MAE,rekonstrukcja,TRF,126|ECG5000|||T-GCN|||||25
126,Reconstructing Missing Variables for Multivariate Time Series Forecasting via Conditional Generative Flows,METR-LA,,,MTGNN,,,,,25,25.0,20-30%,,RMSE,rekonstrukcja,TRF,126|METR-LA|||MTGNN|||||25
126,Reconstructing Missing Variables for Multivariate Time Series Forecasting via Conditional Generative Flows,METR-LA,,,MTGNN,,,,,25,25.0,20-30%,,MAE,rekonstrukcja,TRF,126|METR-LA|||MTGNN|||||25
126,Reconstructing Missing Variables for Multivariate Time Series Forecasting via Conditional Generative Flows,solar,,,MTGNN,,,,,25,25.0,20-30%,,RMSE,rekonstrukcja,MICE,126|solar|||MTGNN|||||25
126,Reconstructing Missing Variables for Multivariate Time Series Forecasting via Conditional Generative Flows,solar,,,MTGNN,,,,,25,25.0,20-30%,,MAE,rekonstrukcja,TRF,126|solar|||MTGNN|||||25
126,Reconstructing Missing Variables for Multivariate Time Series Forecasting via Conditional Generative Flows,traffic,,,MTGNN,,,,,25,25.0,20-30%,,RMSE,rekonstrukcja,TRF,126|traffic|||MTGNN|||||25
126,Reconstructing Missing Variables for Multivariate Time Series Forecasting via Conditional Generative Flows,traffic,,,MTGNN,,,,,25,25.0,20-30%,,MAE,rekonstrukcja,TRF,126|traffic|||MTGNN|||||25
126,Reconstructing Missing Variables for Multivariate Time Series Forecasting via Conditional Generative Flows,ECG5000,,,MTGNN,,,,,25,25.0,20-30%,,RMSE,rekonstrukcja,TRF,126|ECG5000|||MTGNN|||||25
126,Reconstructing Missing Variables for Multivariate Time Series Forecasting via Conditional Generative Flows,ECG5000,,,MTGNN,,,,,25,25.0,20-30%,,MAE,rekonstrukcja,TRF,126|ECG5000|||MTGNN|||||25
150,"A novel wind power forecasting system integrating time series refining, nonlinear multi-objective optimized deep learning and linear error correction",Not specified,,,,,,,,,,nieznany,brak_wartosci,RMSE,rekonstrukcja,SVmD,150|Not specified||||||||
150,"A novel wind power forecasting system integrating time series refining, nonlinear multi-objective optimized deep learning and linear error correction",Not specified,,,,,,,,,,nieznany,brak_wartosci,MAE,rekonstrukcja,SVmD,150|Not specified||||||||
150,"A novel wind power forecasting system integrating time series refining, nonlinear multi-objective optimized deep learning and linear error correction",Not specified,,,,,,,,,,nieznany,brak_wartosci,MSE,rekonstrukcja,SVmD,150|Not specified||||||||
150,"A novel wind power forecasting system integrating time series refining, nonlinear multi-objective optimized deep learning and linear error correction",Not specified,,,,,,,,,,nieznany,brak_wartosci,PCC (COR),rekonstrukcja,SVmD,150|Not specified||||||||
150,"A novel wind power forecasting system integrating time series refining, nonlinear multi-objective optimized deep learning and linear error correction",Not specified,,,,,,,,,,nieznany,brak_wartosci,STD,rekonstrukcja,SVmD,150|Not specified||||||||
150,"A novel wind power forecasting system integrating time series refining, nonlinear multi-objective optimized deep learning and linear error correction",Not specified,,,,,,,,,,nieznany,brak_wartosci,R2,rekonstrukcja,SVmD,150|Not specified||||||||
150,"A novel wind power forecasting system integrating time series refining, nonlinear multi-objective optimized deep learning and linear error correction",Not specified,,,,,,,,,,nieznany,brak_wartosci,LMI,rekonstrukcja,SVmD,150|Not specified||||||||
150,"A novel wind power forecasting system integrating time series refining, nonlinear multi-objective optimized deep learning and linear error correction",Not specified,,,,,,,,,,nieznany,brak_wartosci,TIC,rekonstrukcja,SVmD,150|Not specified||||||||
150,"A novel wind power forecasting system integrating time series refining, nonlinear multi-objective optimized deep learning and linear error correction",Not specified,,,,,,,,,,nieznany,brak_wartosci,IA,rekonstrukcja,SVmD,150|Not specified||||||||
150,"A novel wind power forecasting system integrating time series refining, nonlinear multi-objective optimized deep learning and linear error correction",Not specified,,,,,,,,,,nieznany,brak_wartosci,RMSE,rekonstrukcja,SVmD,150|Not specified||||||||
150,"A novel wind power forecasting system integrating time series refining, nonlinear multi-objective optimized deep learning and linear error correction",Not specified,,,,,,,,,,nieznany,brak_wartosci,MAE,rekonstrukcja,SVmD,150|Not specified||||||||
150,"A novel wind power forecasting system integrating time series refining, nonlinear multi-objective optimized deep learning and linear error correction",Not specified,,,,,,,,,,nieznany,brak_wartosci,MSE,rekonstrukcja,SVmD,150|Not specified||||||||
150,"A novel wind power forecasting system integrating time series refining, nonlinear multi-objective optimized deep learning and linear error correction",Not specified,,,,,,,,,,nieznany,brak_wartosci,PCC (COR),rekonstrukcja,SVmD,150|Not specified||||||||
150,"A novel wind power forecasting system integrating time series refining, nonlinear multi-objective optimized deep learning and linear error correction",Not specified,,,,,,,,,,nieznany,brak_wartosci,STD,rekonstrukcja,SVmD,150|Not specified||||||||
150,"A novel wind power forecasting system integrating time series refining, nonlinear multi-objective optimized deep learning and linear error correction",Not specified,,,,,,,,,,nieznany,brak_wartosci,R2,rekonstrukcja,SVmD,150|Not specified||||||||
150,"A novel wind power forecasting system integrating time series refining, nonlinear multi-objective optimized deep learning and linear error correction",Not specified,,,,,,,,,,nieznany,brak_wartosci,LMI,rekonstrukcja,SVmD,150|Not specified||||||||
150,"A novel wind power forecasting system integrating time series refining, nonlinear multi-objective optimized deep learning and linear error correction",Not specified,,,,,,,,,,nieznany,brak_wartosci,TIC,rekonstrukcja,SVmD,150|Not specified||||||||
150,"A novel wind power forecasting system integrating time series refining, nonlinear multi-objective optimized deep learning and linear error correction",Not specified,,,,,,,,,,nieznany,brak_wartosci,IA,rekonstrukcja,SVmD,150|Not specified||||||||
150,"A novel wind power forecasting system integrating time series refining, nonlinear multi-objective optimized deep learning and linear error correction",Not specified,,,,,,,,,,nieznany,brak_wartosci,RMSE,rekonstrukcja,SVmD,150|Not specified||||||||
150,"A novel wind power forecasting system integrating time series refining, nonlinear multi-objective optimized deep learning and linear error correction",Not specified,,,,,,,,,,nieznany,brak_wartosci,MAE,rekonstrukcja,SVmD,150|Not specified||||||||
150,"A novel wind power forecasting system integrating time series refining, nonlinear multi-objective optimized deep learning and linear error correction",Not specified,,,,,,,,,,nieznany,brak_wartosci,MSE,rekonstrukcja,SVmD,150|Not specified||||||||
150,"A novel wind power forecasting system integrating time series refining, nonlinear multi-objective optimized deep learning and linear error correction",Not specified,,,,,,,,,,nieznany,brak_wartosci,PCC (COR),rekonstrukcja,SVmD,150|Not specified||||||||
150,"A novel wind power forecasting system integrating time series refining, nonlinear multi-objective optimized deep learning and linear error correction",Not specified,,,,,,,,,,nieznany,brak_wartosci,STD,rekonstrukcja,SVmD,150|Not specified||||||||
150,"A novel wind power forecasting system integrating time series refining, nonlinear multi-objective optimized deep learning and linear error correction",Not specified,,,,,,,,,,nieznany,brak_wartosci,R2,rekonstrukcja,SVmD,150|Not specified||||||||
150,"A novel wind power forecasting system integrating time series refining, nonlinear multi-objective optimized deep learning and linear error correction",Not specified,,,,,,,,,,nieznany,brak_wartosci,LMI,rekonstrukcja,SVmD,150|Not specified||||||||
150,"A novel wind power forecasting system integrating time series refining, nonlinear multi-objective optimized deep learning and linear error correction",Not specified,,,,,,,,,,nieznany,brak_wartosci,TIC,rekonstrukcja,SVmD,150|Not specified||||||||
150,"A novel wind power forecasting system integrating time series refining, nonlinear multi-objective optimized deep learning and linear error correction",Not specified,,,,,,,,,,nieznany,brak_wartosci,IA,rekonstrukcja,SVmD,150|Not specified||||||||
150,"A novel wind power forecasting system integrating time series refining, nonlinear multi-objective optimized deep learning and linear error correction",Not specified,,,,,,,,,,nieznany,brak_wartosci,RMSE,rekonstrukcja,SVmD,150|Not specified||||||||
150,"A novel wind power forecasting system integrating time series refining, nonlinear multi-objective optimized deep learning and linear error correction",Not specified,,,,,,,,,,nieznany,brak_wartosci,MAE,rekonstrukcja,SVmD,150|Not specified||||||||
150,"A novel wind power forecasting system integrating time series refining, nonlinear multi-objective optimized deep learning and linear error correction",Not specified,,,,,,,,,,nieznany,brak_wartosci,MSE,rekonstrukcja,SVmD,150|Not specified||||||||
150,"A novel wind power forecasting system integrating time series refining, nonlinear multi-objective optimized deep learning and linear error correction",Not specified,,,,,,,,,,nieznany,brak_wartosci,PCC (COR),rekonstrukcja,SVmD,150|Not specified||||||||
150,"A novel wind power forecasting system integrating time series refining, nonlinear multi-objective optimized deep learning and linear error correction",Not specified,,,,,,,,,,nieznany,brak_wartosci,STD,rekonstrukcja,SVmD,150|Not specified||||||||
150,"A novel wind power forecasting system integrating time series refining, nonlinear multi-objective optimized deep learning and linear error correction",Not specified,,,,,,,,,,nieznany,brak_wartosci,R2,rekonstrukcja,SVmD,150|Not specified||||||||
150,"A novel wind power forecasting system integrating time series refining, nonlinear multi-objective optimized deep learning and linear error correction",Not specified,,,,,,,,,,nieznany,brak_wartosci,LMI,rekonstrukcja,SVmD,150|Not specified||||||||
150,"A novel wind power forecasting system integrating time series refining, nonlinear multi-objective optimized deep learning and linear error correction",Not specified,,,,,,,,,,nieznany,brak_wartosci,TIC,rekonstrukcja,SVmD,150|Not specified||||||||
150,"A novel wind power forecasting system integrating time series refining, nonlinear multi-objective optimized deep learning and linear error correction",Not specified,,,,,,,,,,nieznany,brak_wartosci,IA,rekonstrukcja,SVmD,150|Not specified||||||||
